call_site	mnemonic	target	ops
0x00045	lcall	0x040AB	0x40ab
0x0004C	lcall	0x038BC	0x38bc
0x0004F	lcall	0x005FE	0x05fe
0x00054	lcall	0x01F64	0x1f64
0x0005E	lcall	0x01BF0	0x1bf0
0x00061	lcall	0x01F64	0x1f64
0x00064	lcall	0x038C1	0x38c1
0x00067	lcall	0x01F64	0x1f64
0x00077	lcall	0x038C6	0x38c6
0x00080	lcall	0x038CB	0x38cb
0x00085	lcall	0x038C6	0x38c6
0x0008E	lcall	0x038CB	0x38cb
0x000A1	lcall	0x038D0	0x38d0
0x000B3	lcall	0x04682	0x4682
0x000BD	lcall	0x038D5	0x38d5
0x000C4	lcall	0x038C6	0x38c6
0x000CD	lcall	0x038CB	0x38cb
0x000D2	lcall	0x038C6	0x38c6
0x000DB	lcall	0x038CB	0x38cb
0x000E2	lcall	0x01F7A	0x1f7a
0x000E9	lcall	0x01F97	0x1f97
0x000F0	lcall	0x01F7A	0x1f7a
0x000F7	lcall	0x01F97	0x1f97
0x000FE	lcall	0x01F7A	0x1f7a
0x00105	lcall	0x01F97	0x1f97
0x0010A	lcall	0x038C6	0x38c6
0x00113	lcall	0x038CB	0x38cb
0x00118	lcall	0x038C6	0x38c6
0x00121	lcall	0x038CB	0x38cb
0x00133	lcall	0x01F97	0x1f97
0x00138	lcall	0x038C6	0x38c6
0x00141	lcall	0x038CB	0x38cb
0x00146	lcall	0x038C6	0x38c6
0x0014F	lcall	0x038CB	0x38cb
0x00154	lcall	0x038C6	0x38c6
0x0015D	lcall	0x038CB	0x38cb
0x00162	lcall	0x038C6	0x38c6
0x0016B	lcall	0x038CB	0x38cb
0x0016E	lcall	0x038DA	0x38da
0x0019E	lcall	0x01BF0	0x1bf0
0x001A6	lcall	0x04456	0x4456
0x001B0	lcall	0x04456	0x4456
0x001B7	lcall	0x038DF	0x38df
0x001C0	lcall	0x038E4	0x38e4
0x001C9	lcall	0x038E4	0x38e4
0x001D2	lcall	0x038E4	0x38e4
0x001DB	lcall	0x038E4	0x38e4
0x001FA	lcall	0x038E9	0x38e9
0x00212	lcall	0x038E9	0x38e9
0x00217	lcall	0x01C94	0x1c94
0x0021F	lcall	0x038C6	0x38c6
0x00228	lcall	0x038CB	0x38cb
0x0022D	lcall	0x038C6	0x38c6
0x00236	lcall	0x038CB	0x38cb
0x00250	lcall	0x043E8	0x43e8
0x00257	lcall	0x01F64	0x1f64
0x00276	lcall	0x01F7A	0x1f7a
0x0027B	lcall	0x01F64	0x1f64
0x002AA	lcall	0x02CED	0x2ced
0x002B3	lcall	0x01F64	0x1f64
0x002BD	lcall	0x038EE	0x38ee
0x002D7	lcall	0x043E8	0x43e8
0x002DE	lcall	0x038C6	0x38c6
0x002E7	lcall	0x038CB	0x38cb
0x002EC	lcall	0x038C6	0x38c6
0x002F5	lcall	0x038CB	0x38cb
0x002FB	lcall	0x04456	0x4456
0x00308	lcall	0x02BA8	0x2ba8
0x00311	lcall	0x01F64	0x1f64
0x0031B	lcall	0x038EE	0x38ee
0x00335	lcall	0x038C6	0x38c6
0x0033E	lcall	0x038CB	0x38cb
0x00343	lcall	0x038C6	0x38c6
0x0034C	lcall	0x038CB	0x38cb
0x00358	lcall	0x04456	0x4456
0x00377	lcall	0x01F64	0x1f64
0x0037A	lcall	0x038F3	0x38f3
0x003B8	lcall	0x038EE	0x38ee
0x003C1	lcall	0x038F8	0x38f8
0x003D9	lcall	0x038FD	0x38fd
0x0040B	lcall	0x01F64	0x1f64
0x00422	lcall	0x03902	0x3902
0x00435	lcall	0x038C6	0x38c6
0x0043E	lcall	0x038CB	0x38cb
0x00443	lcall	0x038C6	0x38c6
0x0044C	lcall	0x038CB	0x38cb
0x0049C	lcall	0x03907	0x3907
0x004BA	lcall	0x0390C	0x390c
0x004D8	lcall	0x03911	0x3911
0x004F8	lcall	0x03916	0x3916
0x00518	lcall	0x03916	0x3916
0x00540	lcall	0x0391B	0x391b
0x0055E	lcall	0x01629	0x1629
0x0057C	lcall	0x0182E	0x182e
0x0059F	lcall	0x038C6	0x38c6
0x005A8	lcall	0x038CB	0x38cb
0x005AD	lcall	0x038C6	0x38c6
0x005B6	lcall	0x038CB	0x38cb
0x005C0	lcall	0x01BF0	0x1bf0
0x005CB	lcall	0x0151D	0x151d
0x005E8	lcall	0x01F97	0x1f97
0x005EB	lcall	0x01F64	0x1f64
0x0062C	lcall	0x0151D	0x151d
0x00632	lcall	0x04456	0x4456
0x0063C	lcall	0x04456	0x4456
0x00646	lcall	0x04456	0x4456
0x00650	lcall	0x04456	0x4456
0x0065A	lcall	0x04456	0x4456
0x00664	lcall	0x04456	0x4456
0x0066E	lcall	0x04456	0x4456
0x00678	lcall	0x04456	0x4456
0x00682	lcall	0x04456	0x4456
0x0069A	lcall	0x04456	0x4456
0x006EC	lcall	0x04456	0x4456
0x006F6	lcall	0x04456	0x4456
0x00700	lcall	0x04456	0x4456
0x008A7	lcall	0x03920	0x3920
0x008DE	lcall	0x0151D	0x151d
0x008E7	lcall	0x0151D	0x151d
0x008F0	lcall	0x0151D	0x151d
0x008F9	lcall	0x0151D	0x151d
0x00935	lcall	0x04170	0x4170
0x0094B	lcall	0x0413C	0x413c
0x00955	lcall	0x0420F	0x420f
0x00971	lcall	0x041D9	0x41d9
0x00982	lcall	0x0413C	0x413c
0x00991	lcall	0x041D9	0x41d9
0x009A5	lcall	0x0420F	0x420f
0x009AC	lcall	0x04184	0x4184
0x009BF	lcall	0x0413C	0x413c
0x009CE	lcall	0x04184	0x4184
0x009E0	lcall	0x0420F	0x420f
0x009E7	lcall	0x04184	0x4184
0x009FA	lcall	0x0413C	0x413c
0x00A09	lcall	0x04184	0x4184
0x00A1B	lcall	0x0420F	0x420f
0x00A22	lcall	0x04184	0x4184
0x00A35	lcall	0x0413C	0x413c
0x00A3F	lcall	0x0420F	0x420f
0x00A4E	lcall	0x04184	0x4184
0x00A61	lcall	0x0413C	0x413c
0x00A6B	lcall	0x0420F	0x420f
0x00A7A	lcall	0x0413C	0x413c
0x00A97	lcall	0x041D9	0x41d9
0x00AA8	lcall	0x0413C	0x413c
0x00AB7	lcall	0x041D9	0x41d9
0x00ACB	lcall	0x0420F	0x420f
0x00AD2	lcall	0x04184	0x4184
0x00AE5	lcall	0x0413C	0x413c
0x00AF4	lcall	0x04184	0x4184
0x00B06	lcall	0x0420F	0x420f
0x00B0D	lcall	0x04184	0x4184
0x00B20	lcall	0x0413C	0x413c
0x00B2A	lcall	0x0420F	0x420f
0x00B39	lcall	0x04184	0x4184
0x00B4C	lcall	0x0413C	0x413c
0x00B56	lcall	0x0420F	0x420f
0x00B65	lcall	0x0413C	0x413c
0x00B82	lcall	0x041D9	0x41d9
0x00B93	lcall	0x0413C	0x413c
0x00BA2	lcall	0x041D9	0x41d9
0x00BB6	lcall	0x0420F	0x420f
0x00BBD	lcall	0x04184	0x4184
0x00BD0	lcall	0x0413C	0x413c
0x00BDA	lcall	0x0420F	0x420f
0x00BE9	lcall	0x04184	0x4184
0x00BFC	lcall	0x0413C	0x413c
0x00C06	lcall	0x0420F	0x420f
0x00C15	lcall	0x0413C	0x413c
0x00C2F	lcall	0x041D9	0x41d9
0x00C40	lcall	0x0413C	0x413c
0x00C4A	lcall	0x0420F	0x420f
0x00C59	lcall	0x041D9	0x41d9
0x00C6A	lcall	0x0413C	0x413c
0x00C74	lcall	0x0420F	0x420f
0x00C83	lcall	0x0413C	0x413c
0x00C98	lcall	0x0413C	0x413c
0x00CA2	lcall	0x0420F	0x420f
0x00CB1	lcall	0x0413C	0x413c
0x00DAA	lcall	0x03D18	0x3d18
0x00DB5	lcall	0x03B04	0x3b04
0x00DC9	lcall	0x03D18	0x3d18
0x00DDC	lcall	0x03CA6	0x3ca6
0x00DEC	lcall	0x03D18	0x3d18
0x00DF7	lcall	0x03B04	0x3b04
0x00E0B	lcall	0x03D18	0x3d18
0x00E1E	lcall	0x03CA6	0x3ca6
0x00EB2	lcall	0x03D18	0x3d18
0x00EBD	lcall	0x03B04	0x3b04
0x00ED1	lcall	0x03D18	0x3d18
0x00EE4	lcall	0x03CA6	0x3ca6
0x00EF4	lcall	0x03D18	0x3d18
0x00EFF	lcall	0x03B04	0x3b04
0x00F13	lcall	0x03D18	0x3d18
0x00F26	lcall	0x03CA6	0x3ca6
0x00F5E	lcall	0x03D18	0x3d18
0x00F69	lcall	0x03B04	0x3b04
0x00F7D	lcall	0x03D18	0x3d18
0x00F90	lcall	0x03CA6	0x3ca6
0x00F9E	lcall	0x03D18	0x3d18
0x00FA9	lcall	0x03B04	0x3b04
0x00FBD	lcall	0x03D18	0x3d18
0x00FD0	lcall	0x03CA6	0x3ca6
0x01036	lcall	0x0429E	0x429e
0x0107A	lcall	0x0429E	0x429e
0x010D9	lcall	0x04456	0x4456
0x01121	lcall	0x0423B	0x423b
0x01142	lcall	0x0444A	0x444a
0x0114C	lcall	0x0420F	0x420f
0x01191	lcall	0x039AB	0x39ab
0x01197	lcall	0x0444A	0x444a
0x011B5	lcall	0x04456	0x4456
0x011FD	lcall	0x0423B	0x423b
0x0121E	lcall	0x0444A	0x444a
0x01228	lcall	0x0420F	0x420f
0x0126D	lcall	0x039AB	0x39ab
0x01273	lcall	0x0444A	0x444a
0x0128D	lcall	0x04456	0x4456
0x012D6	lcall	0x0423B	0x423b
0x012FD	lcall	0x0444A	0x444a
0x01307	lcall	0x0420F	0x420f
0x01326	lcall	0x04170	0x4170
0x0132B	lcall	0x041D9	0x41d9
0x01343	lcall	0x043E8	0x43e8
0x01351	lcall	0x03D18	0x3d18
0x0135C	lcall	0x03B04	0x3b04
0x01367	lcall	0x03C0D	0x3c0d
0x01381	lcall	0x03D13	0x3d13
0x0138C	lcall	0x03A0F	0x3a0f
0x0138F	lcall	0x03D51	0x3d51
0x01395	lcall	0x0444A	0x444a
0x013A4	lcall	0x03D18	0x3d18
0x013AF	lcall	0x03B04	0x3b04
0x013BA	lcall	0x03C0D	0x3c0d
0x013D4	lcall	0x03D13	0x3d13
0x013E7	lcall	0x03CA6	0x3ca6
0x013F5	lcall	0x03D18	0x3d18
0x01400	lcall	0x03B04	0x3b04
0x0140B	lcall	0x03C0D	0x3c0d
0x01425	lcall	0x03D13	0x3d13
0x01430	lcall	0x03A13	0x3a13
0x01433	lcall	0x03D51	0x3d51
0x01439	lcall	0x0444A	0x444a
0x01441	lcall	0x04456	0x4456
0x01451	lcall	0x03D18	0x3d18
0x0145C	lcall	0x03B04	0x3b04
0x01467	lcall	0x03C0D	0x3c0d
0x01481	lcall	0x03D13	0x3d13
0x0148C	lcall	0x03C0D	0x3c0d
0x0148F	lcall	0x03D51	0x3d51
0x01495	lcall	0x0444A	0x444a
0x0162B	lcall	0x038C6	0x38c6
0x01634	lcall	0x038CB	0x38cb
0x01639	lcall	0x038C6	0x38c6
0x01642	lcall	0x038CB	0x38cb
0x0166C	lcall	0x01F97	0x1f97
0x016AB	lcall	0x01F97	0x1f97
0x016C8	lcall	0x01F97	0x1f97
0x016DA	lcall	0x01F97	0x1f97
0x016EC	lcall	0x01F97	0x1f97
0x016FE	lcall	0x01F97	0x1f97
0x01703	lcall	0x03925	0x3925
0x01709	lcall	0x0444A	0x444a
0x01722	lcall	0x03916	0x3916
0x01728	lcall	0x0444A	0x444a
0x01741	lcall	0x03CA6	0x3ca6
0x0174A	lcall	0x038C6	0x38c6
0x01753	lcall	0x038CB	0x38cb
0x01758	lcall	0x038C6	0x38c6
0x01761	lcall	0x038CB	0x38cb
0x01767	lcall	0x04456	0x4456
0x0177C	lcall	0x0476B	0x476b
0x0177F	lcall	0x0392A	0x392a
0x01786	lcall	0x01F97	0x1f97
0x017A1	lcall	0x03CA6	0x3ca6
0x017A8	lcall	0x038C6	0x38c6
0x017B1	lcall	0x038CB	0x38cb
0x017B6	lcall	0x038C6	0x38c6
0x017BF	lcall	0x038CB	0x38cb
0x017CE	lcall	0x0476B	0x476b
0x017D1	lcall	0x0392A	0x392a
0x017D8	lcall	0x01F97	0x1f97
0x017EB	lcall	0x04456	0x4456
0x017F7	lcall	0x038C6	0x38c6
0x01800	lcall	0x038CB	0x38cb
0x01807	lcall	0x01F97	0x1f97
0x0180A	lcall	0x038EE	0x38ee
0x0180D	lcall	0x038F8	0x38f8
0x01827	lcall	0x0476B	0x476b
0x0182A	lcall	0x0392A	0x392a
0x0182E	lcall	0x0392F	0x392f
0x01836	lcall	0x038C6	0x38c6
0x0183F	lcall	0x038CB	0x38cb
0x01844	lcall	0x038C6	0x38c6
0x0184D	lcall	0x038CB	0x38cb
0x01854	lcall	0x01F97	0x1f97
0x0185C	lcall	0x038C6	0x38c6
0x01865	lcall	0x038CB	0x38cb
0x0186A	lcall	0x038C6	0x38c6
0x01873	lcall	0x038CB	0x38cb
0x01879	lcall	0x04456	0x4456
0x01882	lcall	0x03907	0x3907
0x01887	lcall	0x03934	0x3934
0x018A0	lcall	0x03CA6	0x3ca6
0x018A9	lcall	0x038C6	0x38c6
0x018B2	lcall	0x038CB	0x38cb
0x018B7	lcall	0x038C6	0x38c6
0x018C0	lcall	0x038CB	0x38cb
0x018C6	lcall	0x04456	0x4456
0x018D3	lcall	0x01F97	0x1f97
0x018E2	lcall	0x0476B	0x476b
0x018E5	lcall	0x0392A	0x392a
0x018F3	lcall	0x038C6	0x38c6
0x018FC	lcall	0x038CB	0x38cb
0x01903	lcall	0x01F97	0x1f97
0x01906	lcall	0x038EE	0x38ee
0x01909	lcall	0x038F8	0x38f8
0x01923	lcall	0x0476B	0x476b
0x01926	lcall	0x0392A	0x392a
0x0193B	lcall	0x052F8	0x52f8
0x01962	lcall	0x0476B	0x476b
0x0198E	lcall	0x0414E	0x414e
0x019A8	lcall	0x0414E	0x414e
0x019B9	lcall	0x050F8	0x50f8
0x019C5	lcall	0x03C0D	0x3c0d
0x019C8	lcall	0x03D51	0x3d51
0x019E6	lcall	0x0151D	0x151d
0x019F2	lcall	0x03C0D	0x3c0d
0x019F5	lcall	0x03D51	0x3d51
0x01A13	lcall	0x0151D	0x151d
0x01A1A	lcall	0x0444A	0x444a
0x01A7B	lcall	0x044CD	0x44cd
0x01AA1	lcall	0x04456	0x4456
0x01AAD	lcall	0x04456	0x4456
0x01AB9	lcall	0x04456	0x4456
0x01AC5	lcall	0x04456	0x4456
0x01AD1	lcall	0x04456	0x4456
0x01ADD	lcall	0x04456	0x4456
0x01AE9	lcall	0x04456	0x4456
0x01B0C	lcall	0x03C0D	0x3c0d
0x01B12	lcall	0x0444A	0x444a
0x01B1E	lcall	0x03D18	0x3d18
0x01B2F	lcall	0x03CA6	0x3ca6
0x01BE1	lcall	0x03D18	0x3d18
0x01BEC	lcall	0x03B04	0x3b04
0x01C57	lcall	0x03939	0x3939
0x01C60	lcall	0x0151D	0x151d
0x01C66	lcall	0x04456	0x4456
0x01C87	lcall	0x043E8	0x43e8
0x01C8C	lcall	0x01F64	0x1f64
0x01CA8	lcall	0x01F97	0x1f97
0x01CB3	lcall	0x0393E	0x393e
0x01CE5	lcall	0x01F97	0x1f97
0x01D18	lcall	0x03CA6	0x3ca6
0x01D35	lcall	0x03CA6	0x3ca6
0x01D52	lcall	0x03C0D	0x3c0d
0x01D58	lcall	0x0444A	0x444a
0x01D74	lcall	0x03C0D	0x3c0d
0x01D7A	lcall	0x0444A	0x444a
0x01D96	lcall	0x03C0D	0x3c0d
0x01D9C	lcall	0x0444A	0x444a
0x01DC7	lcall	0x03CA6	0x3ca6
0x01DE2	lcall	0x03C0D	0x3c0d
0x01DE8	lcall	0x0444A	0x444a
0x01E03	lcall	0x03C0D	0x3c0d
0x01E09	lcall	0x0444A	0x444a
0x01E22	lcall	0x03CA6	0x3ca6
0x01E2C	lcall	0x04456	0x4456
0x01E49	lcall	0x03CA6	0x3ca6
0x01E51	lcall	0x04456	0x4456
0x01E6E	lcall	0x03C0D	0x3c0d
0x01E71	lcall	0x03D51	0x3d51
0x01E77	lcall	0x0444A	0x444a
0x01E9F	lcall	0x043FE	0x43fe
0x01EA5	lcall	0x0444A	0x444a
0x01EDB	lcall	0x043FE	0x43fe
0x01EE1	lcall	0x0444A	0x444a
0x01F0D	lcall	0x043FE	0x43fe
0x01F13	lcall	0x0444A	0x444a
0x01F48	lcall	0x038C6	0x38c6
0x01F51	lcall	0x038CB	0x38cb
0x01F5E	lcall	0x01F7A	0x1f7a
0x01F85	lcall	0x01F97	0x1f97
0x01FA2	lcall	0x04456	0x4456
0x01FC6	lcall	0x043E8	0x43e8
0x01FCB	lcall	0x01F64	0x1f64
0x01FD7	lcall	0x04456	0x4456
0x01FF8	lcall	0x040AB	0x40ab
0x10016	lcall	0x1EFFE	0x1effe
0x1001F	lcall	0x1F011	0x1f011
0x10045	lcall	0x140AB	0x140ab
0x1004C	lcall	0x138BC	0x138bc
0x1004F	lcall	0x105FE	0x105fe
0x10054	lcall	0x11F64	0x11f64
0x1005E	lcall	0x11BF0	0x11bf0
0x10061	lcall	0x11F64	0x11f64
0x10064	lcall	0x138C1	0x138c1
0x10067	lcall	0x11F64	0x11f64
0x10077	lcall	0x138C6	0x138c6
0x10080	lcall	0x138CB	0x138cb
0x10085	lcall	0x138C6	0x138c6
0x1008E	lcall	0x138CB	0x138cb
0x100A1	lcall	0x138D0	0x138d0
0x100B3	lcall	0x14682	0x14682
0x100BD	lcall	0x138D5	0x138d5
0x100C4	lcall	0x138C6	0x138c6
0x100CD	lcall	0x138CB	0x138cb
0x100D2	lcall	0x138C6	0x138c6
0x100DB	lcall	0x138CB	0x138cb
0x100E2	lcall	0x11F7A	0x11f7a
0x100E9	lcall	0x11F97	0x11f97
0x100F0	lcall	0x11F7A	0x11f7a
0x100F7	lcall	0x11F97	0x11f97
0x100FE	lcall	0x11F7A	0x11f7a
0x10105	lcall	0x11F97	0x11f97
0x1010A	lcall	0x138C6	0x138c6
0x10113	lcall	0x138CB	0x138cb
0x10118	lcall	0x138C6	0x138c6
0x10121	lcall	0x138CB	0x138cb
0x10133	lcall	0x11F97	0x11f97
0x10138	lcall	0x138C6	0x138c6
0x10141	lcall	0x138CB	0x138cb
0x10146	lcall	0x138C6	0x138c6
0x1014F	lcall	0x138CB	0x138cb
0x10154	lcall	0x138C6	0x138c6
0x1015D	lcall	0x138CB	0x138cb
0x10162	lcall	0x138C6	0x138c6
0x1016B	lcall	0x138CB	0x138cb
0x1016E	lcall	0x138DA	0x138da
0x1019E	lcall	0x11BF0	0x11bf0
0x101A6	lcall	0x14456	0x14456
0x101B0	lcall	0x14456	0x14456
0x101B7	lcall	0x138DF	0x138df
0x101C0	lcall	0x138E4	0x138e4
0x101C9	lcall	0x138E4	0x138e4
0x101D2	lcall	0x138E4	0x138e4
0x101DB	lcall	0x138E4	0x138e4
0x101FA	lcall	0x138E9	0x138e9
0x10212	lcall	0x138E9	0x138e9
0x10217	lcall	0x11C94	0x11c94
0x1021F	lcall	0x138C6	0x138c6
0x10228	lcall	0x138CB	0x138cb
0x1022D	lcall	0x138C6	0x138c6
0x10236	lcall	0x138CB	0x138cb
0x10250	lcall	0x143E8	0x143e8
0x10257	lcall	0x11F64	0x11f64
0x10276	lcall	0x11F7A	0x11f7a
0x1027B	lcall	0x11F64	0x11f64
0x102AA	lcall	0x12CED	0x12ced
0x102B3	lcall	0x11F64	0x11f64
0x102BD	lcall	0x138EE	0x138ee
0x102D7	lcall	0x143E8	0x143e8
0x102DE	lcall	0x138C6	0x138c6
0x102E7	lcall	0x138CB	0x138cb
0x102EC	lcall	0x138C6	0x138c6
0x102F5	lcall	0x138CB	0x138cb
0x102FB	lcall	0x14456	0x14456
0x10308	lcall	0x12BA8	0x12ba8
0x10311	lcall	0x11F64	0x11f64
0x1031B	lcall	0x138EE	0x138ee
0x10335	lcall	0x138C6	0x138c6
0x1033E	lcall	0x138CB	0x138cb
0x10343	lcall	0x138C6	0x138c6
0x1034C	lcall	0x138CB	0x138cb
0x10358	lcall	0x14456	0x14456
0x10377	lcall	0x11F64	0x11f64
0x1037A	lcall	0x138F3	0x138f3
0x103B8	lcall	0x138EE	0x138ee
0x103C1	lcall	0x138F8	0x138f8
0x103D9	lcall	0x138FD	0x138fd
0x1040B	lcall	0x11F64	0x11f64
0x10422	lcall	0x13902	0x13902
0x10435	lcall	0x138C6	0x138c6
0x1043E	lcall	0x138CB	0x138cb
0x10443	lcall	0x138C6	0x138c6
0x1044C	lcall	0x138CB	0x138cb
0x1049C	lcall	0x13907	0x13907
0x104BA	lcall	0x1390C	0x1390c
0x104D8	lcall	0x13911	0x13911
0x104F8	lcall	0x13916	0x13916
0x10518	lcall	0x13916	0x13916
0x10540	lcall	0x1391B	0x1391b
0x1055E	lcall	0x11629	0x11629
0x1057C	lcall	0x1182E	0x1182e
0x1059F	lcall	0x138C6	0x138c6
0x105A8	lcall	0x138CB	0x138cb
0x105AD	lcall	0x138C6	0x138c6
0x105B6	lcall	0x138CB	0x138cb
0x105C0	lcall	0x11BF0	0x11bf0
0x105CB	lcall	0x1151D	0x1151d
0x105E8	lcall	0x11F97	0x11f97
0x105EB	lcall	0x11F64	0x11f64
0x1062C	lcall	0x1151D	0x1151d
0x10632	lcall	0x14456	0x14456
0x1063C	lcall	0x14456	0x14456
0x10646	lcall	0x14456	0x14456
0x10650	lcall	0x14456	0x14456
0x1065A	lcall	0x14456	0x14456
0x10664	lcall	0x14456	0x14456
0x1066E	lcall	0x14456	0x14456
0x10678	lcall	0x14456	0x14456
0x10682	lcall	0x14456	0x14456
0x1069A	lcall	0x14456	0x14456
0x106EC	lcall	0x14456	0x14456
0x106F6	lcall	0x14456	0x14456
0x10700	lcall	0x14456	0x14456
0x108A7	lcall	0x13920	0x13920
0x108DE	lcall	0x1151D	0x1151d
0x108E7	lcall	0x1151D	0x1151d
0x108F0	lcall	0x1151D	0x1151d
0x108F9	lcall	0x1151D	0x1151d
0x10935	lcall	0x14170	0x14170
0x1094B	lcall	0x1413C	0x1413c
0x10955	lcall	0x1420F	0x1420f
0x10971	lcall	0x141D9	0x141d9
0x10982	lcall	0x1413C	0x1413c
0x10991	lcall	0x141D9	0x141d9
0x109A5	lcall	0x1420F	0x1420f
0x109AC	lcall	0x14184	0x14184
0x109BF	lcall	0x1413C	0x1413c
0x109CE	lcall	0x14184	0x14184
0x109E0	lcall	0x1420F	0x1420f
0x109E7	lcall	0x14184	0x14184
0x109FA	lcall	0x1413C	0x1413c
0x10A09	lcall	0x14184	0x14184
0x10A1B	lcall	0x1420F	0x1420f
0x10A22	lcall	0x14184	0x14184
0x10A35	lcall	0x1413C	0x1413c
0x10A3F	lcall	0x1420F	0x1420f
0x10A4E	lcall	0x14184	0x14184
0x10A61	lcall	0x1413C	0x1413c
0x10A6B	lcall	0x1420F	0x1420f
0x10A7A	lcall	0x1413C	0x1413c
0x10A97	lcall	0x141D9	0x141d9
0x10AA8	lcall	0x1413C	0x1413c
0x10AB7	lcall	0x141D9	0x141d9
0x10ACB	lcall	0x1420F	0x1420f
0x10AD2	lcall	0x14184	0x14184
0x10AE5	lcall	0x1413C	0x1413c
0x10AF4	lcall	0x14184	0x14184
0x10B06	lcall	0x1420F	0x1420f
0x10B0D	lcall	0x14184	0x14184
0x10B20	lcall	0x1413C	0x1413c
0x10B2A	lcall	0x1420F	0x1420f
0x10B39	lcall	0x14184	0x14184
0x10B4C	lcall	0x1413C	0x1413c
0x10B56	lcall	0x1420F	0x1420f
0x10B65	lcall	0x1413C	0x1413c
0x10B82	lcall	0x141D9	0x141d9
0x10B93	lcall	0x1413C	0x1413c
0x10BA2	lcall	0x141D9	0x141d9
0x10BB6	lcall	0x1420F	0x1420f
0x10BBD	lcall	0x14184	0x14184
0x10BD0	lcall	0x1413C	0x1413c
0x10BDA	lcall	0x1420F	0x1420f
0x10BE9	lcall	0x14184	0x14184
0x10BFC	lcall	0x1413C	0x1413c
0x10C06	lcall	0x1420F	0x1420f
0x10C15	lcall	0x1413C	0x1413c
0x10C2F	lcall	0x141D9	0x141d9
0x10C40	lcall	0x1413C	0x1413c
0x10C4A	lcall	0x1420F	0x1420f
0x10C59	lcall	0x141D9	0x141d9
0x10C6A	lcall	0x1413C	0x1413c
0x10C74	lcall	0x1420F	0x1420f
0x10C83	lcall	0x1413C	0x1413c
0x10C98	lcall	0x1413C	0x1413c
0x10CA2	lcall	0x1420F	0x1420f
0x10CB1	lcall	0x1413C	0x1413c
0x10DAA	lcall	0x13D18	0x13d18
0x10DB5	lcall	0x13B04	0x13b04
0x10DC9	lcall	0x13D18	0x13d18
0x10DDC	lcall	0x13CA6	0x13ca6
0x10DEC	lcall	0x13D18	0x13d18
0x10DF7	lcall	0x13B04	0x13b04
0x10E0B	lcall	0x13D18	0x13d18
0x10E1E	lcall	0x13CA6	0x13ca6
0x10EB2	lcall	0x13D18	0x13d18
0x10EBD	lcall	0x13B04	0x13b04
0x10ED1	lcall	0x13D18	0x13d18
0x10EE4	lcall	0x13CA6	0x13ca6
0x10EF4	lcall	0x13D18	0x13d18
0x10EFF	lcall	0x13B04	0x13b04
0x10F13	lcall	0x13D18	0x13d18
0x10F26	lcall	0x13CA6	0x13ca6
0x10F5E	lcall	0x13D18	0x13d18
0x10F69	lcall	0x13B04	0x13b04
0x10F7D	lcall	0x13D18	0x13d18
0x10F90	lcall	0x13CA6	0x13ca6
0x10F9E	lcall	0x13D18	0x13d18
0x10FA9	lcall	0x13B04	0x13b04
0x10FBD	lcall	0x13D18	0x13d18
0x10FD0	lcall	0x13CA6	0x13ca6
0x11036	lcall	0x1429E	0x1429e
0x1107A	lcall	0x1429E	0x1429e
0x110D9	lcall	0x14456	0x14456
0x11121	lcall	0x1423B	0x1423b
0x11142	lcall	0x1444A	0x1444a
0x1114C	lcall	0x1420F	0x1420f
0x11191	lcall	0x139AB	0x139ab
0x11197	lcall	0x1444A	0x1444a
0x111B5	lcall	0x14456	0x14456
0x111FD	lcall	0x1423B	0x1423b
0x1121E	lcall	0x1444A	0x1444a
0x11228	lcall	0x1420F	0x1420f
0x1126D	lcall	0x139AB	0x139ab
0x11273	lcall	0x1444A	0x1444a
0x1128D	lcall	0x14456	0x14456
0x112D6	lcall	0x1423B	0x1423b
0x112FD	lcall	0x1444A	0x1444a
0x11307	lcall	0x1420F	0x1420f
0x11326	lcall	0x14170	0x14170
0x1132B	lcall	0x141D9	0x141d9
0x11343	lcall	0x143E8	0x143e8
0x11351	lcall	0x13D18	0x13d18
0x1135C	lcall	0x13B04	0x13b04
0x11367	lcall	0x13C0D	0x13c0d
0x11381	lcall	0x13D13	0x13d13
0x1138C	lcall	0x13A0F	0x13a0f
0x1138F	lcall	0x13D51	0x13d51
0x11395	lcall	0x1444A	0x1444a
0x113A4	lcall	0x13D18	0x13d18
0x113AF	lcall	0x13B04	0x13b04
0x113BA	lcall	0x13C0D	0x13c0d
0x113D4	lcall	0x13D13	0x13d13
0x113E7	lcall	0x13CA6	0x13ca6
0x113F5	lcall	0x13D18	0x13d18
0x11400	lcall	0x13B04	0x13b04
0x1140B	lcall	0x13C0D	0x13c0d
0x11425	lcall	0x13D13	0x13d13
0x11430	lcall	0x13A13	0x13a13
0x11433	lcall	0x13D51	0x13d51
0x11439	lcall	0x1444A	0x1444a
0x11441	lcall	0x14456	0x14456
0x11451	lcall	0x13D18	0x13d18
0x1145C	lcall	0x13B04	0x13b04
0x11467	lcall	0x13C0D	0x13c0d
0x11481	lcall	0x13D13	0x13d13
0x1148C	lcall	0x13C0D	0x13c0d
0x1148F	lcall	0x13D51	0x13d51
0x11495	lcall	0x1444A	0x1444a
0x1162B	lcall	0x138C6	0x138c6
0x11634	lcall	0x138CB	0x138cb
0x11639	lcall	0x138C6	0x138c6
0x11642	lcall	0x138CB	0x138cb
0x1166C	lcall	0x11F97	0x11f97
0x116AB	lcall	0x11F97	0x11f97
0x116C8	lcall	0x11F97	0x11f97
0x116DA	lcall	0x11F97	0x11f97
0x116EC	lcall	0x11F97	0x11f97
0x116FE	lcall	0x11F97	0x11f97
0x11703	lcall	0x13925	0x13925
0x11709	lcall	0x1444A	0x1444a
0x11722	lcall	0x13916	0x13916
0x11728	lcall	0x1444A	0x1444a
0x11741	lcall	0x13CA6	0x13ca6
0x1174A	lcall	0x138C6	0x138c6
0x11753	lcall	0x138CB	0x138cb
0x11758	lcall	0x138C6	0x138c6
0x11761	lcall	0x138CB	0x138cb
0x11767	lcall	0x14456	0x14456
0x1177C	lcall	0x1476B	0x1476b
0x1177F	lcall	0x1392A	0x1392a
0x11786	lcall	0x11F97	0x11f97
0x117A1	lcall	0x13CA6	0x13ca6
0x117A8	lcall	0x138C6	0x138c6
0x117B1	lcall	0x138CB	0x138cb
0x117B6	lcall	0x138C6	0x138c6
0x117BF	lcall	0x138CB	0x138cb
0x117CE	lcall	0x1476B	0x1476b
0x117D1	lcall	0x1392A	0x1392a
0x117D8	lcall	0x11F97	0x11f97
0x117EB	lcall	0x14456	0x14456
0x117F7	lcall	0x138C6	0x138c6
0x11800	lcall	0x138CB	0x138cb
0x11807	lcall	0x11F97	0x11f97
0x1180A	lcall	0x138EE	0x138ee
0x1180D	lcall	0x138F8	0x138f8
0x11827	lcall	0x1476B	0x1476b
0x1182A	lcall	0x1392A	0x1392a
0x1182E	lcall	0x1392F	0x1392f
0x11836	lcall	0x138C6	0x138c6
0x1183F	lcall	0x138CB	0x138cb
0x11844	lcall	0x138C6	0x138c6
0x1184D	lcall	0x138CB	0x138cb
0x11854	lcall	0x11F97	0x11f97
0x1185C	lcall	0x138C6	0x138c6
0x11865	lcall	0x138CB	0x138cb
0x1186A	lcall	0x138C6	0x138c6
0x11873	lcall	0x138CB	0x138cb
0x11879	lcall	0x14456	0x14456
0x11882	lcall	0x13907	0x13907
0x11887	lcall	0x13934	0x13934
0x118A0	lcall	0x13CA6	0x13ca6
0x118A9	lcall	0x138C6	0x138c6
0x118B2	lcall	0x138CB	0x138cb
0x118B7	lcall	0x138C6	0x138c6
0x118C0	lcall	0x138CB	0x138cb
0x118C6	lcall	0x14456	0x14456
0x118D3	lcall	0x11F97	0x11f97
0x118E2	lcall	0x1476B	0x1476b
0x118E5	lcall	0x1392A	0x1392a
0x118F3	lcall	0x138C6	0x138c6
0x118FC	lcall	0x138CB	0x138cb
0x11903	lcall	0x11F97	0x11f97
0x11906	lcall	0x138EE	0x138ee
0x11909	lcall	0x138F8	0x138f8
0x11923	lcall	0x1476B	0x1476b
0x11926	lcall	0x1392A	0x1392a
0x1193B	lcall	0x152F8	0x152f8
0x11962	lcall	0x1476B	0x1476b
0x1198E	lcall	0x1414E	0x1414e
0x119A8	lcall	0x1414E	0x1414e
0x119B9	lcall	0x150F8	0x150f8
0x119C5	lcall	0x13C0D	0x13c0d
0x119C8	lcall	0x13D51	0x13d51
0x119E6	lcall	0x1151D	0x1151d
0x119F2	lcall	0x13C0D	0x13c0d
0x119F5	lcall	0x13D51	0x13d51
0x11A13	lcall	0x1151D	0x1151d
0x11A1A	lcall	0x1444A	0x1444a
0x11A7B	lcall	0x144CD	0x144cd
0x11AA1	lcall	0x14456	0x14456
0x11AAD	lcall	0x14456	0x14456
0x11AB9	lcall	0x14456	0x14456
0x11AC5	lcall	0x14456	0x14456
0x11AD1	lcall	0x14456	0x14456
0x11ADD	lcall	0x14456	0x14456
0x11AE9	lcall	0x14456	0x14456
0x11B0C	lcall	0x13C0D	0x13c0d
0x11B12	lcall	0x1444A	0x1444a
0x11B1E	lcall	0x13D18	0x13d18
0x11B2F	lcall	0x13CA6	0x13ca6
0x11BE1	lcall	0x13D18	0x13d18
0x11BEC	lcall	0x13B04	0x13b04
0x11C57	lcall	0x13939	0x13939
0x11C60	lcall	0x1151D	0x1151d
0x11C66	lcall	0x14456	0x14456
0x11C87	lcall	0x143E8	0x143e8
0x11C8C	lcall	0x11F64	0x11f64
0x11CA8	lcall	0x11F97	0x11f97
0x11CB3	lcall	0x1393E	0x1393e
0x11CE5	lcall	0x11F97	0x11f97
0x11D18	lcall	0x13CA6	0x13ca6
0x11D35	lcall	0x13CA6	0x13ca6
0x11D52	lcall	0x13C0D	0x13c0d
0x11D58	lcall	0x1444A	0x1444a
0x11D74	lcall	0x13C0D	0x13c0d
0x11D7A	lcall	0x1444A	0x1444a
0x11D96	lcall	0x13C0D	0x13c0d
0x11D9C	lcall	0x1444A	0x1444a
0x11DC7	lcall	0x13CA6	0x13ca6
0x11DE2	lcall	0x13C0D	0x13c0d
0x11DE8	lcall	0x1444A	0x1444a
0x11E03	lcall	0x13C0D	0x13c0d
0x11E09	lcall	0x1444A	0x1444a
0x11E22	lcall	0x13CA6	0x13ca6
0x11E2C	lcall	0x14456	0x14456
0x11E49	lcall	0x13CA6	0x13ca6
0x11E51	lcall	0x14456	0x14456
0x11E6E	lcall	0x13C0D	0x13c0d
0x11E71	lcall	0x13D51	0x13d51
0x11E77	lcall	0x1444A	0x1444a
0x11E9F	lcall	0x143FE	0x143fe
0x11EA5	lcall	0x1444A	0x1444a
0x11EDB	lcall	0x143FE	0x143fe
0x11EE1	lcall	0x1444A	0x1444a
0x11F0D	lcall	0x143FE	0x143fe
0x11F13	lcall	0x1444A	0x1444a
0x11F48	lcall	0x138C6	0x138c6
0x11F51	lcall	0x138CB	0x138cb
0x11F5E	lcall	0x11F7A	0x11f7a
0x11F85	lcall	0x11F97	0x11f97
0x11FA2	lcall	0x14456	0x14456
0x11FC6	lcall	0x143E8	0x143e8
0x11FCB	lcall	0x11F64	0x11f64
0x11FD7	lcall	0x14456	0x14456
0x11FF8	lcall	0x140AB	0x140ab
0x1200B	lcall	0x140AB	0x140ab
0x1201E	lcall	0x140AB	0x140ab
0x12021	lcall	0x11F64	0x11f64
0x1203E	lcall	0x1393E	0x1393e
0x12046	lcall	0x13D18	0x13d18
0x1204C	lcall	0x1444A	0x1444a
0x12070	lcall	0x13CA6	0x13ca6
0x1208D	lcall	0x13A13	0x13a13
0x12098	lcall	0x13C0D	0x13c0d
0x120A3	lcall	0x13B04	0x13b04
0x120A6	lcall	0x13D51	0x13d51
0x120BA	lcall	0x11F64	0x11f64
0x120DF	lcall	0x11F64	0x11f64
0x120F6	lcall	0x10908	0x10908
0x1210D	lcall	0x150F8	0x150f8
0x1211A	lcall	0x1192A	0x1192a
0x12129	lcall	0x1476B	0x1476b
0x12140	lcall	0x150F8	0x150f8
0x12145	lcall	0x138C6	0x138c6
0x1214E	lcall	0x138CB	0x138cb
0x12153	lcall	0x138C6	0x138c6
0x1215B	lcall	0x13943	0x13943
0x1215E	lcall	0x11F64	0x11f64
0x121A5	acall	0x12255	0x12255
0x12518	lcall	0x1444A	0x1444a
0x12539	lcall	0x1444A	0x1444a
0x12561	lcall	0x143E8	0x143e8
0x12569	lcall	0x14456	0x14456
0x12587	lcall	0x143E8	0x143e8
0x1258F	lcall	0x14456	0x14456
0x125A8	lcall	0x143E8	0x143e8
0x12607	lcall	0x14456	0x14456
0x1271A	lcall	0x1420F	0x1420f
0x12740	lcall	0x140F6	0x140f6
0x1274C	lcall	0x1410F	0x1410f
0x1275B	lcall	0x1413C	0x1413c
0x1276D	lcall	0x1414E	0x1414e
0x12786	lcall	0x1410F	0x1410f
0x1278E	lcall	0x1413C	0x1413c
0x127A0	lcall	0x1414E	0x1414e
0x127B0	lcall	0x140F6	0x140f6
0x12823	lcall	0x150CE	0x150ce
0x128BF	lcall	0x1413C	0x1413c
0x128C9	lcall	0x1420F	0x1420f
0x128F6	lcall	0x1413C	0x1413c
0x12900	lcall	0x1420F	0x1420f
0x12A38	lcall	0x14456	0x14456
0x12A56	lcall	0x143E8	0x143e8
0x12AC5	lcall	0x11500	0x11500
0x12B00	lcall	0x144CD	0x144cd
0x12BDA	lcall	0x12A0A	0x12a0a
0x12BE7	lcall	0x12A0A	0x12a0a
0x12C20	lcall	0x14456	0x14456
0x12C3E	lcall	0x143E8	0x143e8
0x12C45	lcall	0x12A0A	0x12a0a
0x12C6E	lcall	0x14456	0x14456
0x12C8C	lcall	0x143E8	0x143e8
0x12C93	lcall	0x12A0A	0x12a0a
0x12CC4	lcall	0x12A0A	0x12a0a
0x12CD4	lcall	0x12A0A	0x12a0a
0x12D16	lcall	0x12A0A	0x12a0a
0x12D26	lcall	0x12A0A	0x12a0a
0x12D40	lcall	0x12A0A	0x12a0a
0x12D50	lcall	0x12A0A	0x12a0a
0x12F28	acall	0x12900	0x12900
0x131A4	acall	0x13130	0x13130
0x131B6	acall	0x1312E	0x1312e
0x13261	acall	0x13100	0x13100
0x1353F	acall	0x13166	0x13166
0x136CE	acall	0x1303A	0x1303a
0x13967	lcall	0x1449E	0x1449e
0x1396A	lcall	0x1399E	0x1399e
0x13970	lcall	0x150B9	0x150b9
0x13977	lcall	0x14DF4	0x14df4
0x13989	lcall	0x1399E	0x1399e
0x139A5	lcall	0x14487	0x14487
0x139C6	lcall	0x139E1	0x139e1
0x139C9	lcall	0x14348	0x14348
0x139DB	lcall	0x14348	0x14348
0x13A4C	lcall	0x13D88	0x13d88
0x13B23	lcall	0x13D88	0x13d88
0x13C1A	lcall	0x13D88	0x13d88
0x13D2C	lcall	0x143DA	0x143da
0x13EA9	lcall	0x13F54	0x13f54
0x13EB8	lcall	0x13C0D	0x13c0d
0x13EBF	lcall	0x13F54	0x13f54
0x13ECE	lcall	0x13B04	0x13b04
0x13F5D	lcall	0x13F82	0x13f82
0x13F65	lcall	0x13F6E	0x13f6e
0x13F68	lcall	0x13F7D	0x13f7d
0x13F6B	lcall	0x13B04	0x13b04
0x13F78	lcall	0x13F7D	0x13f7d
0x13F9E	lcall	0x13B04	0x13b04
0x13FAD	lcall	0x1441E	0x1441e
0x13FBF	lcall	0x13B04	0x13b04
0x13FC2	lcall	0x1443A	0x1443a
0x13FC6	lcall	0x13A13	0x13a13
0x141F5	lcall	0x14184	0x14184
0x14201	lcall	0x14184	0x14184
0x1445F	lcall	0x1446D	0x1446d
0x14462	lcall	0x1446D	0x1446d
0x14465	lcall	0x1446D	0x1446d
0x14468	lcall	0x1446D	0x1446d
0x147A4	lcall	0x14487	0x14487
0x147E3	lcall	0x14487	0x14487
0x147FB	lcall	0x1449E	0x1449e
0x1480B	lcall	0x147CB	0x147cb
0x14820	lcall	0x14797	0x14797
0x1482B	lcall	0x147DC	0x147dc
0x1483A	lcall	0x14797	0x14797
0x14888	lcall	0x147CB	0x147cb
0x14895	lcall	0x14788	0x14788
0x14899	lcall	0x147CB	0x147cb
0x148A5	lcall	0x14788	0x14788
0x148A9	lcall	0x14788	0x14788
0x148AD	lcall	0x14788	0x14788
0x148CF	lcall	0x1410F	0x1410f
0x148E5	lcall	0x14B21	0x14b21
0x148F1	lcall	0x140F6	0x140f6
0x14900	lcall	0x147CB	0x147cb
0x1491D	lcall	0x14B05	0x14b05
0x14924	lcall	0x13DE2	0x13de2
0x1492D	lcall	0x14BA9	0x14ba9
0x1494E	lcall	0x14B05	0x14b05
0x14958	lcall	0x13DE2	0x13de2
0x1496E	lcall	0x14B21	0x14b21
0x14974	lcall	0x14BA9	0x14ba9
0x14982	lcall	0x147B3	0x147b3
0x14990	lcall	0x147B3	0x147b3
0x14997	lcall	0x147AA	0x147aa
0x149A1	lcall	0x147AA	0x147aa
0x149AE	lcall	0x14B05	0x14b05
0x149B6	lcall	0x13DE2	0x13de2
0x149C9	lcall	0x14B21	0x14b21
0x149D1	lcall	0x14BA9	0x14ba9
0x149D4	lcall	0x147B3	0x147b3
0x149DE	lcall	0x147AA	0x147aa
0x149E8	lcall	0x147BD	0x147bd
0x149FA	lcall	0x147CB	0x147cb
0x14A05	lcall	0x147B4	0x147b4
0x14A0A	lcall	0x147B4	0x147b4
0x14A2B	lcall	0x14788	0x14788
0x14A34	lcall	0x14788	0x14788
0x14A3D	lcall	0x14788	0x14788
0x14A41	lcall	0x14788	0x14788
0x14AA8	lcall	0x14B23	0x14b23
0x14ABA	lcall	0x147B4	0x147b4
0x14AC5	lcall	0x144A7	0x144a7
0x14B0B	lcall	0x14788	0x14788
0x14B0F	lcall	0x14788	0x14788
0x14B13	lcall	0x14788	0x14788
0x14B17	lcall	0x14788	0x14788
0x14B57	lcall	0x14B78	0x14b78
0x14B6A	lcall	0x147CB	0x147cb
0x14B80	lcall	0x147CB	0x147cb
0x14B8F	lcall	0x147CB	0x147cb
0x14BCA	lcall	0x14788	0x14788
0x14BDF	lcall	0x14788	0x14788
0x14BEE	lcall	0x147BC	0x147bc
0x14BF3	lcall	0x147BC	0x147bc
0x14C2E	lcall	0x1444A	0x1444a
0x14C76	lcall	0x14412	0x14412
0x14C7C	lcall	0x13C0D	0x13c0d
0x14C8B	lcall	0x13A13	0x13a13
0x14CAD	lcall	0x1444A	0x1444a
0x14CC6	lcall	0x13CA6	0x13ca6
0x14CDD	lcall	0x13CA6	0x13ca6
0x14CF0	lcall	0x14456	0x14456
0x14D1F	lcall	0x13CA6	0x13ca6
0x14D32	lcall	0x13D51	0x13d51
0x14D42	lcall	0x13D18	0x13d18
0x14D5F	lcall	0x13A0F	0x13a0f
0x14D6A	lcall	0x13CA6	0x13ca6
0x14D80	lcall	0x13DD1	0x13dd1
0x14D86	lcall	0x1444A	0x1444a
0x14D97	lcall	0x14F95	0x14f95
0x14DA8	lcall	0x13B04	0x13b04
0x14DAB	lcall	0x14EFF	0x14eff
0x14DB1	lcall	0x1444A	0x1444a
0x14DC9	lcall	0x13DD1	0x13dd1
0x14DCF	lcall	0x1444A	0x1444a
0x14E33	lcall	0x13B04	0x13b04
0x14E42	lcall	0x13D1D	0x13d1d
0x14E45	lcall	0x13A13	0x13a13
0x14EA5	lcall	0x13F54	0x13f54
0x14EB7	lcall	0x13B04	0x13b04
0x14EBC	lcall	0x13C0D	0x13c0d
0x14EC2	lcall	0x13DD1	0x13dd1
0x14EE8	acall	0x14972	0x14972
0x14F0E	lcall	0x13B04	0x13b04
0x14F34	lcall	0x13D51	0x13d51
0x14F3D	lcall	0x13D1D	0x13d1d
0x14F40	lcall	0x13A13	0x13a13
0x14F4A	lcall	0x13FA3	0x13fa3
0x14F82	acall	0x14972	0x14972
0x14F86	acall	0x14D72	0x14d72
0x14F8C	acall	0x14C3E	0x14c3e
0x14FEA	lcall	0x1444A	0x1444a
0x15006	lcall	0x13A13	0x13a13
0x15015	lcall	0x1441E	0x1441e
0x1501B	lcall	0x1442E	0x1442e
0x1501E	lcall	0x13A0F	0x13a0f
0x1502F	lcall	0x13C0D	0x13c0d
0x15035	lcall	0x1444A	0x1444a
0x1503D	lcall	0x13F94	0x13f94
0x15043	lcall	0x1442E	0x1442e
0x15046	lcall	0x13B04	0x13b04
0x15056	lcall	0x1443A	0x1443a
0x15059	lcall	0x13A13	0x13a13
0x1505F	lcall	0x1444A	0x1444a
0x1506C	lcall	0x13D18	0x13d18
0x15077	lcall	0x13B04	0x13b04
0x1507D	lcall	0x1442E	0x1442e
0x15080	lcall	0x13A13	0x13a13
0x1508E	lcall	0x13B04	0x13b04
0x15098	lcall	0x1509D	0x1509d
0x15118	lcall	0x14225	0x14225
0x1511E	lcall	0x140F6	0x140f6
0x1512A	lcall	0x1420F	0x1420f
0x15137	lcall	0x14225	0x14225
0x1513D	lcall	0x140F6	0x140f6
0x1514B	lcall	0x14225	0x14225
0x15152	lcall	0x1413C	0x1413c
0x1519F	lcall	0x1410F	0x1410f
0x151BF	lcall	0x140F6	0x140f6
0x151CD	lcall	0x14225	0x14225
0x151D3	lcall	0x140F6	0x140f6
0x151E9	lcall	0x14225	0x14225
0x151F2	lcall	0x1414E	0x1414e
0x151FC	lcall	0x1420F	0x1420f
0x1521A	lcall	0x1414E	0x1414e
0x1523F	lcall	0x140F6	0x140f6
0x1524E	lcall	0x140F6	0x140f6
0x1525F	lcall	0x1420F	0x1420f
0x15270	lcall	0x1420F	0x1420f
0x1527A	lcall	0x1420F	0x1420f
0x152A9	lcall	0x14225	0x14225
0x152BB	lcall	0x140F6	0x140f6
0x152D1	lcall	0x14225	0x14225
0x152DA	lcall	0x1414E	0x1414e
0x152E7	lcall	0x1420F	0x1420f
0x152FB	lcall	0x140F6	0x140f6
0x15313	lcall	0x140F6	0x140f6
0x1533F	lcall	0x140F6	0x140f6
0x15343	lcall	0x150B9	0x150b9
0x1534F	lcall	0x1420F	0x1420f
0x15361	lcall	0x140F6	0x140f6
0x15377	lcall	0x14225	0x14225
0x1537D	lcall	0x140F6	0x140f6
0x1539C	lcall	0x140F6	0x140f6
0x153A0	lcall	0x139EF	0x139ef
0x153B0	lcall	0x140F6	0x140f6
0x153CC	lcall	0x14170	0x14170
0x153DF	lcall	0x1420F	0x1420f
0x1540A	lcall	0x11F64	0x11f64
0x15410	lcall	0x14456	0x14456
0x1541E	lcall	0x11F64	0x11f64
0x15438	lcall	0x143E8	0x143e8
0x1543F	lcall	0x11FD1	0x11fd1
0x15442	lcall	0x11F64	0x11f64
0x1544A	lcall	0x14456	0x14456
0x15524	lcall	0x16DBA	0x16dba
0x15656	lcall	0x1476B	0x1476b
0x15681	lcall	0x1476B	0x1476b
0x1569B	lcall	0x1476B	0x1476b
0x156E2	lcall	0x1476B	0x1476b
0x1570D	lcall	0x1476B	0x1476b
0x15727	lcall	0x1476B	0x1476b
0x1577A	lcall	0x1476B	0x1476b
0x157A5	lcall	0x1476B	0x1476b
0x157BF	lcall	0x1476B	0x1476b
0x157DF	lcall	0x1476B	0x1476b
0x157E4	lcall	0x1F311	0x1f311
0x157FD	lcall	0x140AB	0x140ab
0x158F2	lcall	0x1F311	0x1f311
0x15920	lcall	0x152F8	0x152f8
0x15995	lcall	0x15290	0x15290
0x159D4	lcall	0x1476B	0x1476b
0x159F0	lcall	0x15163	0x15163
0x15A28	lcall	0x15163	0x15163
0x15A61	lcall	0x15163	0x15163
0x15A6A	lcall	0x152F8	0x152f8
0x15A7E	lcall	0x1476B	0x1476b
0x15AA5	lcall	0x150F8	0x150f8
0x15AB5	lcall	0x1EFDF	0x1efdf
0x15ABE	lcall	0x1EF5C	0x1ef5c
0x15AC3	lcall	0x1EFDF	0x1efdf
0x15ACC	lcall	0x1EF5C	0x1ef5c
0x15AD1	lcall	0x1EFDF	0x1efdf
0x15ADA	lcall	0x1EF5C	0x1ef5c
0x15B4F	lcall	0x15601	0x15601
0x15B6F	lcall	0x157E8	0x157e8
0x15B87	lcall	0x15B8B	0x15b8b
0x15B93	lcall	0x14456	0x14456
0x15B9D	lcall	0x14456	0x14456
0x15BC3	lcall	0x13962	0x13962
0x15BC9	lcall	0x1444A	0x1444a
0x15C02	lcall	0x152F8	0x152f8
0x15C9C	lcall	0x1476B	0x1476b
0x15CB3	lcall	0x150F8	0x150f8
0x15CC2	lcall	0x1476B	0x1476b
0x15D17	lcall	0x15290	0x15290
0x15D26	lcall	0x1476B	0x1476b
0x15D46	lcall	0x152F8	0x152f8
0x15D82	lcall	0x13CA6	0x13ca6
0x15D9D	lcall	0x13CA6	0x13ca6
0x15DBF	lcall	0x15290	0x15290
0x15DD6	lcall	0x150F8	0x150f8
0x15DEF	lcall	0x13B04	0x13b04
0x15DF5	lcall	0x1444A	0x1444a
0x15E15	lcall	0x13CA6	0x13ca6
0x15E31	lcall	0x13948	0x13948
0x15E64	lcall	0x13CA6	0x13ca6
0x15E7F	lcall	0x13CA6	0x13ca6
0x15EA1	lcall	0x15290	0x15290
0x15EB8	lcall	0x150F8	0x150f8
0x15ECC	lcall	0x1444A	0x1444a
0x15EEC	lcall	0x13CA6	0x13ca6
0x15F08	lcall	0x13948	0x13948
0x15F24	lcall	0x13CA6	0x13ca6
0x15F3F	lcall	0x13CA6	0x13ca6
0x15F61	lcall	0x15290	0x15290
0x15F78	lcall	0x150F8	0x150f8
0x15F91	lcall	0x13B04	0x13b04
0x15F97	lcall	0x1444A	0x1444a
0x15FB6	lcall	0x13CA6	0x13ca6
0x15FD1	lcall	0x13948	0x13948
0x15FDE	lcall	0x1192A	0x1192a
0x15FE1	lcall	0x1F311	0x1f311
0x15FF1	lcall	0x13948	0x13948
0x15FFD	lcall	0x152F8	0x152f8
0x16037	lcall	0x152F8	0x152f8
0x16057	lcall	0x13CA6	0x13ca6
0x16077	lcall	0x13CA6	0x13ca6
0x16095	lcall	0x13A13	0x13a13
0x16098	lcall	0x13D51	0x13d51
0x1609E	lcall	0x1444A	0x1444a
0x160AF	lcall	0x10908	0x10908
0x160BE	lcall	0x1476B	0x1476b
0x160DC	lcall	0x15163	0x15163
0x160F3	lcall	0x150F8	0x150f8
0x16116	lcall	0x13CA6	0x13ca6
0x1612C	lcall	0x1444A	0x1444a
0x16140	lcall	0x13D13	0x13d13
0x16146	lcall	0x1444A	0x1444a
0x16153	lcall	0x1192A	0x1192a
0x16156	lcall	0x1F311	0x1f311
0x16162	lcall	0x152F8	0x152f8
0x16181	lcall	0x152F8	0x152f8
0x1619F	lcall	0x1476B	0x1476b
0x16235	lcall	0x150F8	0x150f8
0x16249	lcall	0x1444A	0x1444a
0x1625E	lcall	0x1192A	0x1192a
0x16261	lcall	0x1F311	0x1f311
0x16292	lcall	0x13CA6	0x13ca6
0x162A0	lcall	0x152F8	0x152f8
0x162C0	lcall	0x13CA6	0x13ca6
0x162DE	lcall	0x13A13	0x13a13
0x162E1	lcall	0x13D51	0x13d51
0x162E7	lcall	0x1444A	0x1444a
0x16301	lcall	0x143E8	0x143e8
0x16309	lcall	0x14456	0x14456
0x1631E	lcall	0x10908	0x10908
0x1632D	lcall	0x1476B	0x1476b
0x1634B	lcall	0x15163	0x15163
0x16362	lcall	0x150F8	0x150f8
0x1637E	lcall	0x13D13	0x13d13
0x16384	lcall	0x1444A	0x1444a
0x16391	lcall	0x1192A	0x1192a
0x16394	lcall	0x1F311	0x1f311
0x163AC	lcall	0x152F8	0x152f8
0x163DE	lcall	0x13CA6	0x13ca6
0x163EC	lcall	0x152F8	0x152f8
0x1640A	lcall	0x1476B	0x1476b
0x164A0	lcall	0x150F8	0x150f8
0x164B2	lcall	0x1444A	0x1444a
0x164C7	lcall	0x1192A	0x1192a
0x164CA	lcall	0x1F311	0x1f311
0x164E6	lcall	0x13CA6	0x13ca6
0x16503	lcall	0x13A13	0x13a13
0x16506	lcall	0x13D51	0x13d51
0x1650C	lcall	0x1444A	0x1444a
0x1651D	lcall	0x10908	0x10908
0x16536	lcall	0x13CA6	0x13ca6
0x16553	lcall	0x13CA6	0x13ca6
0x1656E	lcall	0x13CA6	0x13ca6
0x165B3	lcall	0x13CA6	0x13ca6
0x165C4	lcall	0x1476B	0x1476b
0x165CA	lcall	0x14456	0x14456
0x165EC	lcall	0x13CA6	0x13ca6
0x16602	lcall	0x13D13	0x13d13
0x16608	lcall	0x1444A	0x1444a
0x16623	lcall	0x13B04	0x13b04
0x16626	lcall	0x13D51	0x13d51
0x16632	lcall	0x1444A	0x1444a
0x16644	lcall	0x13D13	0x13d13
0x1664F	lcall	0x13C0D	0x13c0d
0x16655	lcall	0x1444A	0x1444a
0x16660	lcall	0x1530D	0x1530d
0x16683	lcall	0x1420F	0x1420f
0x1668D	lcall	0x1420F	0x1420f
0x1669C	lcall	0x1413C	0x1413c
0x166AB	lcall	0x1476B	0x1476b
0x166C7	lcall	0x150F8	0x150f8
0x166D6	lcall	0x1192A	0x1192a
0x166D9	lcall	0x1F311	0x1f311
0x16707	lcall	0x13948	0x13948
0x16717	lcall	0x13948	0x13948
0x1672D	lcall	0x152F8	0x152f8
0x16769	lcall	0x13CA6	0x13ca6
0x16784	lcall	0x13CA6	0x13ca6
0x167A6	lcall	0x15290	0x15290
0x167BD	lcall	0x150F8	0x150f8
0x167D6	lcall	0x13B04	0x13b04
0x167DC	lcall	0x1444A	0x1444a
0x167FC	lcall	0x13CA6	0x13ca6
0x16818	lcall	0x13948	0x13948
0x1684B	lcall	0x13CA6	0x13ca6
0x16866	lcall	0x13CA6	0x13ca6
0x16888	lcall	0x15290	0x15290
0x1689F	lcall	0x150F8	0x150f8
0x168B3	lcall	0x1444A	0x1444a
0x168D3	lcall	0x13CA6	0x13ca6
0x168EF	lcall	0x13948	0x13948
0x1690B	lcall	0x13CA6	0x13ca6
0x16926	lcall	0x13CA6	0x13ca6
0x16948	lcall	0x15290	0x15290
0x1695F	lcall	0x150F8	0x150f8
0x16978	lcall	0x13B04	0x13b04
0x1697E	lcall	0x1444A	0x1444a
0x1699D	lcall	0x13CA6	0x13ca6
0x169B8	lcall	0x13948	0x13948
0x169C5	lcall	0x1192A	0x1192a
0x169C8	lcall	0x1F311	0x1f311
0x169D7	lcall	0x13948	0x13948
0x16A87	lcall	0x13948	0x13948
0x16B10	lcall	0x13948	0x13948
0x16BD9	lcall	0x13948	0x13948
0x16D59	lcall	0x13948	0x13948
0x16D65	lcall	0x1392A	0x1392a
0x16DAA	lcall	0x13948	0x13948
0x16DB6	lcall	0x1392A	0x1392a
0x16DFF	lcall	0x13907	0x13907
0x16E0F	lcall	0x1CA15	0x1ca15
0x16E16	lcall	0x1EFDF	0x1efdf
0x16E1F	lcall	0x1EF5C	0x1ef5c
0x16E24	lcall	0x1EFDF	0x1efdf
0x16E2D	lcall	0x1EF5C	0x1ef5c
0x16E30	lcall	0x1394D	0x1394d
0x16E41	lcall	0x11F64	0x11f64
0x16E49	lcall	0x14456	0x14456
0x16E67	lcall	0x143E8	0x143e8
0x16E73	lcall	0x11F64	0x11f64
0x17086	lcall	0x1413C	0x1413c
0x17090	lcall	0x1420F	0x1420f
0x170FB	lcall	0x11F97	0x11f97
0x1726B	lcall	0x140F6	0x140f6
0x172A9	lcall	0x1420F	0x1420f
0x17312	lcall	0x11F97	0x11f97
0x1733E	lcall	0x16E8E	0x16e8e
0x17354	lcall	0x16E8E	0x16e8e
0x1736A	lcall	0x16E8E	0x16e8e
0x17380	lcall	0x16E8E	0x16e8e
0x17396	lcall	0x16E8E	0x16e8e
0x173AC	lcall	0x16E8E	0x16e8e
0x173C2	lcall	0x16E8E	0x16e8e
0x173D8	lcall	0x16E8E	0x16e8e
0x173EE	lcall	0x16E8E	0x16e8e
0x17404	lcall	0x16E8E	0x16e8e
0x1741A	lcall	0x16E8E	0x16e8e
0x17430	lcall	0x16E8E	0x16e8e
0x17446	lcall	0x16E8E	0x16e8e
0x1745C	lcall	0x16E8E	0x16e8e
0x17472	lcall	0x16E8E	0x16e8e
0x17488	lcall	0x16E8E	0x16e8e
0x1749E	lcall	0x16E8E	0x16e8e
0x174B4	lcall	0x16E8E	0x16e8e
0x174CA	lcall	0x16E8E	0x16e8e
0x174E0	lcall	0x16E8E	0x16e8e
0x174F6	lcall	0x16E8E	0x16e8e
0x1750C	lcall	0x16E8E	0x16e8e
0x17522	lcall	0x16E8E	0x16e8e
0x17538	lcall	0x16E8E	0x16e8e
0x1754E	lcall	0x16E8E	0x16e8e
0x17564	lcall	0x16E8E	0x16e8e
0x1757A	lcall	0x16E8E	0x16e8e
0x17590	lcall	0x16E8E	0x16e8e
0x175A6	lcall	0x16E8E	0x16e8e
0x175BC	lcall	0x16E8E	0x16e8e
0x175D2	lcall	0x16E8E	0x16e8e
0x175E8	lcall	0x16E8E	0x16e8e
0x175FE	lcall	0x16E8E	0x16e8e
0x17614	lcall	0x16E8E	0x16e8e
0x1762A	lcall	0x16E8E	0x16e8e
0x17640	lcall	0x16E8E	0x16e8e
0x17656	lcall	0x16E8E	0x16e8e
0x1766C	lcall	0x16E8E	0x16e8e
0x17682	lcall	0x16E8E	0x16e8e
0x17698	lcall	0x16E8E	0x16e8e
0x176AE	lcall	0x16E8E	0x16e8e
0x176C4	lcall	0x16E8E	0x16e8e
0x176DA	lcall	0x16E8E	0x16e8e
0x176F0	lcall	0x16E8E	0x16e8e
0x17706	lcall	0x16E8E	0x16e8e
0x1771C	lcall	0x16E8E	0x16e8e
0x17732	lcall	0x16E8E	0x16e8e
0x17748	lcall	0x16E8E	0x16e8e
0x1775E	lcall	0x16E8E	0x16e8e
0x17774	lcall	0x16E8E	0x16e8e
0x1778A	lcall	0x16E8E	0x16e8e
0x177A0	lcall	0x16E8E	0x16e8e
0x177B6	lcall	0x16E8E	0x16e8e
0x177CC	lcall	0x16E8E	0x16e8e
0x177E2	lcall	0x16E8E	0x16e8e
0x177F8	lcall	0x16E8E	0x16e8e
0x1780E	lcall	0x16E8E	0x16e8e
0x17822	lcall	0x144CD	0x144cd
0x17896	acall	0x17B00	0x17b00
0x17921	lcall	0x16E8E	0x16e8e
0x17940	lcall	0x16E8E	0x16e8e
0x1795F	lcall	0x16E8E	0x16e8e
0x1797E	lcall	0x16E8E	0x16e8e
0x1799D	lcall	0x16E8E	0x16e8e
0x179BC	lcall	0x16E8E	0x16e8e
0x179DB	lcall	0x16E8E	0x16e8e
0x179FA	lcall	0x16E8E	0x16e8e
0x17A19	lcall	0x16E8E	0x16e8e
0x17A38	lcall	0x16E8E	0x16e8e
0x17A57	lcall	0x16E8E	0x16e8e
0x17A76	lcall	0x16E8E	0x16e8e
0x17A95	lcall	0x16E8E	0x16e8e
0x17AB4	lcall	0x16E8E	0x16e8e
0x17AD3	lcall	0x16E8E	0x16e8e
0x17AF2	lcall	0x16E8E	0x16e8e
0x17B11	lcall	0x16E8E	0x16e8e
0x17B30	lcall	0x16E8E	0x16e8e
0x17B4F	lcall	0x16E8E	0x16e8e
0x17B6E	lcall	0x16E8E	0x16e8e
0x17B8D	lcall	0x16E8E	0x16e8e
0x17BAC	lcall	0x16E8E	0x16e8e
0x17BCB	lcall	0x16E8E	0x16e8e
0x17BEA	lcall	0x16E8E	0x16e8e
0x17C09	lcall	0x16E8E	0x16e8e
0x17C28	lcall	0x16E8E	0x16e8e
0x17C47	lcall	0x16E8E	0x16e8e
0x17C66	lcall	0x16E8E	0x16e8e
0x17C85	lcall	0x16E8E	0x16e8e
0x17CA4	lcall	0x16E8E	0x16e8e
0x17CC3	lcall	0x16E8E	0x16e8e
0x17CE2	lcall	0x16E8E	0x16e8e
0x17D01	lcall	0x16E8E	0x16e8e
0x17D20	lcall	0x16E8E	0x16e8e
0x17D3F	lcall	0x16E8E	0x16e8e
0x17D5E	lcall	0x16E8E	0x16e8e
0x17D7D	lcall	0x16E8E	0x16e8e
0x17D9C	lcall	0x16E8E	0x16e8e
0x17DBB	lcall	0x16E8E	0x16e8e
0x17DDA	lcall	0x16E8E	0x16e8e
0x17DF9	lcall	0x16E8E	0x16e8e
0x17E18	lcall	0x16E8E	0x16e8e
0x17E37	lcall	0x16E8E	0x16e8e
0x17E56	lcall	0x16E8E	0x16e8e
0x17E75	lcall	0x16E8E	0x16e8e
0x17E94	lcall	0x16E8E	0x16e8e
0x17EB3	lcall	0x16E8E	0x16e8e
0x17ED2	lcall	0x16E8E	0x16e8e
0x17EF1	lcall	0x16E8E	0x16e8e
0x17F10	lcall	0x16E8E	0x16e8e
0x17F2F	lcall	0x16E8E	0x16e8e
0x17F4E	lcall	0x16E8E	0x16e8e
0x17F6D	lcall	0x16E8E	0x16e8e
0x17F89	lcall	0x16E8E	0x16e8e
0x17FA5	lcall	0x16E8E	0x16e8e
0x17FC1	lcall	0x16E8E	0x16e8e
0x17FDD	lcall	0x16E8E	0x16e8e
0x17FE7	lcall	0x14456	0x14456
0x17FF1	lcall	0x14456	0x14456
0x1800E	lcall	0x140AB	0x140ab
0x18021	lcall	0x140AB	0x140ab
0x18049	lcall	0x11F64	0x11f64
0x18052	lcall	0x1151D	0x1151d
0x18057	lcall	0x18A98	0x18a98
0x18062	lcall	0x119BD	0x119bd
0x1806D	lcall	0x119EA	0x119ea
0x1808A	lcall	0x18DDA	0x18dda
0x18091	lcall	0x1A1E0	0x1a1e0
0x1809B	lcall	0x18931	0x18931
0x180A5	lcall	0x1F267	0x1f267
0x180CB	lcall	0x13939	0x13939
0x180CE	lcall	0x11F64	0x11f64
0x180F2	lcall	0x11F64	0x11f64
0x180FD	lcall	0x18B23	0x18b23
0x18105	lcall	0x13D18	0x13d18
0x18116	lcall	0x13B04	0x13b04
0x1811C	lcall	0x1444A	0x1444a
0x18127	lcall	0x1F267	0x1f267
0x1812C	lcall	0x1EFDF	0x1efdf
0x18147	lcall	0x12A0A	0x12a0a
0x1815A	lcall	0x11F64	0x11f64
0x18167	lcall	0x119BD	0x119bd
0x18172	lcall	0x119EA	0x119ea
0x18175	lcall	0x11F64	0x11f64
0x1817C	lcall	0x18DDA	0x18dda
0x18181	lcall	0x18A98	0x18a98
0x1818D	lcall	0x11F64	0x11f64
0x18193	lcall	0x14456	0x14456
0x1819C	lcall	0x189CC	0x189cc
0x181BF	lcall	0x18CF1	0x18cf1
0x181D2	lcall	0x11F64	0x11f64
0x181D9	lcall	0x13948	0x13948
0x181E2	lcall	0x18DDA	0x18dda
0x181E7	lcall	0x1F267	0x1f267
0x181EC	lcall	0x1F267	0x1f267
0x181F1	lcall	0x1EFDF	0x1efdf
0x181FA	lcall	0x1EF5C	0x1ef5c
0x181FD	lcall	0x11F64	0x11f64
0x1820B	lcall	0x1AFB0	0x1afb0
0x18214	lcall	0x1A1E0	0x1a1e0
0x1821F	lcall	0x18DDA	0x18dda
0x18226	lcall	0x18DDA	0x18dda
0x1822D	lcall	0x18931	0x18931
0x1824A	lcall	0x1EF5C	0x1ef5c
0x18253	lcall	0x1EF5C	0x1ef5c
0x18256	lcall	0x11F64	0x11f64
0x18270	lcall	0x1EF5C	0x1ef5c
0x18279	lcall	0x1EF5C	0x1ef5c
0x1827C	lcall	0x11F64	0x11f64
0x18295	lcall	0x1A1E0	0x1a1e0
0x1829F	lcall	0x11F64	0x11f64
0x182CA	lcall	0x13948	0x13948
0x182CF	lcall	0x11F64	0x11f64
0x182D6	lcall	0x18DDA	0x18dda
0x182DB	lcall	0x1F267	0x1f267
0x182E0	lcall	0x1F267	0x1f267
0x182E5	lcall	0x1EFDF	0x1efdf
0x182F0	lcall	0x18B23	0x18b23
0x182F8	lcall	0x13D18	0x13d18
0x18309	lcall	0x13B04	0x13b04
0x1831D	lcall	0x13D18	0x13d18
0x18328	lcall	0x13B04	0x13b04
0x1833B	lcall	0x13CA6	0x13ca6
0x18346	lcall	0x1EF5C	0x1ef5c
0x18351	lcall	0x1EF5C	0x1ef5c
0x18354	lcall	0x11F64	0x11f64
0x18362	lcall	0x1AFB0	0x1afb0
0x1836B	lcall	0x1A1E0	0x1a1e0
0x18376	lcall	0x18DDA	0x18dda
0x18379	lcall	0x11F64	0x11f64
0x18380	lcall	0x18931	0x18931
0x18383	lcall	0x11F64	0x11f64
0x1838B	lcall	0x11F64	0x11f64
0x183BB	lcall	0x18DDA	0x18dda
0x183CE	lcall	0x12A0A	0x12a0a
0x183D6	lcall	0x13D18	0x13d18
0x183E7	lcall	0x13B04	0x13b04
0x183EA	lcall	0x13D51	0x13d51
0x18405	lcall	0x11F64	0x11f64
0x1840E	lcall	0x1EF5C	0x1ef5c
0x18417	lcall	0x1EF5C	0x1ef5c
0x18420	lcall	0x1EF5C	0x1ef5c
0x18423	lcall	0x11F64	0x11f64
0x1842A	lcall	0x1A1E0	0x1a1e0
0x18434	lcall	0x18931	0x18931
0x1845A	lcall	0x14456	0x14456
0x18463	lcall	0x189CC	0x189cc
0x18473	lcall	0x11F64	0x11f64
0x18491	lcall	0x18DDA	0x18dda
0x184C7	lcall	0x18A98	0x18a98
0x184DE	lcall	0x11F64	0x11f64
0x184E5	lcall	0x1A1E0	0x1a1e0
0x184EF	lcall	0x18931	0x18931
0x184F7	lcall	0x11F64	0x11f64
0x18500	lcall	0x1EF5C	0x1ef5c
0x18509	lcall	0x1EF5C	0x1ef5c
0x18521	lcall	0x11F64	0x11f64
0x18532	lcall	0x14456	0x14456
0x1853B	lcall	0x189CC	0x189cc
0x1855A	lcall	0x1A1E0	0x1a1e0
0x18564	lcall	0x18931	0x18931
0x1856C	lcall	0x11F64	0x11f64
0x18575	lcall	0x1EF5C	0x1ef5c
0x1857E	lcall	0x1EF5C	0x1ef5c
0x18587	lcall	0x1EF5C	0x1ef5c
0x18590	lcall	0x1EF5C	0x1ef5c
0x185A8	lcall	0x11F64	0x11f64
0x185B7	lcall	0x18B23	0x18b23
0x185C8	lcall	0x1EF5C	0x1ef5c
0x185D6	lcall	0x11F64	0x11f64
0x185DF	lcall	0x1EF5C	0x1ef5c
0x185E6	lcall	0x1A1E0	0x1a1e0
0x185F0	lcall	0x18931	0x18931
0x185FE	lcall	0x1EF5C	0x1ef5c
0x18601	lcall	0x11F64	0x11f64
0x1860D	lcall	0x13D18	0x13d18
0x1861E	lcall	0x13CA6	0x13ca6
0x18631	lcall	0x13D18	0x13d18
0x18642	lcall	0x13A0F	0x13a0f
0x1864D	lcall	0x13B04	0x13b04
0x18653	lcall	0x1444A	0x1444a
0x18664	lcall	0x13D51	0x13d51
0x1867F	lcall	0x13D18	0x13d18
0x18698	lcall	0x13A0F	0x13a0f
0x186A3	lcall	0x13CA6	0x13ca6
0x186C8	lcall	0x13D51	0x13d51
0x186D0	lcall	0x13D18	0x13d18
0x186E9	lcall	0x13A0F	0x13a0f
0x186F4	lcall	0x13CA6	0x13ca6
0x18727	lcall	0x11F64	0x11f64
0x18738	lcall	0x10908	0x10908
0x1874F	lcall	0x150F8	0x150f8
0x18758	lcall	0x152F8	0x152f8
0x18773	lcall	0x1F267	0x1f267
0x1877C	lcall	0x152F8	0x152f8
0x18788	lcall	0x1A1E0	0x1a1e0
0x18792	lcall	0x18931	0x18931
0x187A0	lcall	0x1EF5C	0x1ef5c
0x187A5	lcall	0x1EFDF	0x1efdf
0x187AE	lcall	0x1EF5C	0x1ef5c
0x187B9	lcall	0x1880C	0x1880c
0x187CA	lcall	0x1F267	0x1f267
0x187CF	lcall	0x1EFDF	0x1efdf
0x187D8	lcall	0x1EF5C	0x1ef5c
0x187DF	lcall	0x18DDA	0x18dda
0x187E6	lcall	0x18DDA	0x18dda
0x187ED	lcall	0x1A1E0	0x1a1e0
0x187FA	lcall	0x18DDA	0x18dda
0x18801	lcall	0x18931	0x18931
0x18804	lcall	0x11F64	0x11f64
0x18819	lcall	0x11F64	0x11f64
0x18850	lcall	0x13948	0x13948
0x1885B	lcall	0x1AFB0	0x1afb0
0x18867	lcall	0x13948	0x13948
0x18872	lcall	0x1AFB0	0x1afb0
0x1888E	lcall	0x13948	0x13948
0x18899	lcall	0x1AFB0	0x1afb0
0x188B7	lcall	0x1EFDF	0x1efdf
0x188C0	lcall	0x1EF5C	0x1ef5c
0x188E9	lcall	0x1EFDF	0x1efdf
0x188F2	lcall	0x1EF5C	0x1ef5c
0x18920	lcall	0x13D18	0x13d18
0x18923	lcall	0x1AFB0	0x1afb0
0x18928	lcall	0x11F64	0x11f64
0x18939	lcall	0x11F64	0x11f64
0x18944	lcall	0x1151D	0x1151d
0x1894D	lcall	0x1151D	0x1151d
0x18956	lcall	0x1151D	0x1151d
0x1897E	lcall	0x1F267	0x1f267
0x18985	lcall	0x18DDA	0x18dda
0x1898A	lcall	0x1F267	0x1f267
0x189C0	lcall	0x11F64	0x11f64
0x189D1	lcall	0x11F64	0x11f64
0x189EA	lcall	0x13B04	0x13b04
0x189F5	lcall	0x13C0D	0x13c0d
0x189FB	lcall	0x1444A	0x1444a
0x18A0C	lcall	0x13D51	0x13d51
0x18A17	lcall	0x13D1D	0x13d1d
0x18A28	lcall	0x13A0F	0x13a0f
0x18A2E	lcall	0x1444A	0x1444a
0x18A47	lcall	0x13B04	0x13b04
0x18A4A	lcall	0x13D51	0x13d51
0x18A56	lcall	0x18A62	0x18a62
0x18A59	lcall	0x11F64	0x11f64
0x18A6D	lcall	0x11F64	0x11f64
0x18A94	lcall	0x11F64	0x11f64
0x18A9D	lcall	0x11F64	0x11f64
0x18B17	lcall	0x1EF5C	0x1ef5c
0x18B1A	lcall	0x11F64	0x11f64
0x18B3B	lcall	0x14456	0x14456
0x18B45	lcall	0x14456	0x14456
0x18B4F	lcall	0x14456	0x14456
0x18BAF	lcall	0x12A0A	0x12a0a
0x18BCF	lcall	0x1444A	0x1444a
0x18BD2	lcall	0x11F64	0x11f64
0x18C03	lcall	0x1444A	0x1444a
0x18C1F	lcall	0x1444A	0x1444a
0x18C31	lcall	0x13D13	0x13d13
0x18C42	lcall	0x13B04	0x13b04
0x18C56	lcall	0x13D18	0x13d18
0x18C69	lcall	0x13C0D	0x13c0d
0x18C6C	lcall	0x13D51	0x13d51
0x18C99	lcall	0x14348	0x14348
0x18C9D	lcall	0x13D13	0x13d13
0x18CA3	lcall	0x1444A	0x1444a
0x18CAF	lcall	0x13D18	0x13d18
0x18CC8	lcall	0x13A0F	0x13a0f
0x18CD3	lcall	0x13CA6	0x13ca6
0x18CF8	lcall	0x11F64	0x11f64
0x18D01	lcall	0x12AAF	0x12aaf
0x18D2C	lcall	0x14456	0x14456
0x18D4A	lcall	0x143E8	0x143e8
0x18D4F	lcall	0x11F64	0x11f64
0x18DCE	lcall	0x11F64	0x11f64
0x18E09	lcall	0x11F64	0x11f64
0x18E5C	lcall	0x140AB	0x140ab
0x18E84	lcall	0x14456	0x14456
0x18E8E	lcall	0x14456	0x14456
0x18E98	lcall	0x14456	0x14456
0x18EA2	lcall	0x14456	0x14456
0x18EAC	lcall	0x14456	0x14456
0x18EB8	lcall	0x1151D	0x1151d
0x18EC9	lcall	0x11F64	0x11f64
0x18EED	lcall	0x13CA6	0x13ca6
0x18F0A	lcall	0x12CED	0x12ced
0x18F10	lcall	0x11F64	0x11f64
0x18F15	lcall	0x1EFDF	0x1efdf
0x18F1E	lcall	0x1EF5C	0x1ef5c
0x18F23	lcall	0x1EFDF	0x1efdf
0x18F2C	lcall	0x1EF5C	0x1ef5c
0x18F36	lcall	0x1F267	0x1f267
0x18F3B	lcall	0x1F267	0x1f267
0x18F4E	lcall	0x1B0E8	0x1b0e8
0x18F56	lcall	0x11FD1	0x11fd1
0x18F61	lcall	0x11F64	0x11f64
0x18F66	lcall	0x1EFDF	0x1efdf
0x18F6F	lcall	0x1EF5C	0x1ef5c
0x18F76	lcall	0x11F97	0x11f97
0x18F7B	lcall	0x1F267	0x1f267
0x18F80	lcall	0x1F267	0x1f267
0x18F83	lcall	0x11F64	0x11f64
0x18FA8	lcall	0x11F64	0x11f64
0x18FAD	lcall	0x11F64	0x11f64
0x18FB2	lcall	0x11F64	0x11f64
0x18FB7	lcall	0x11F64	0x11f64
0x18FBC	lcall	0x11F64	0x11f64
0x18FC3	lcall	0x13948	0x13948
0x18FC6	lcall	0x11F64	0x11f64
0x18FCD	lcall	0x1A1E0	0x1a1e0
0x18FD8	lcall	0x11F97	0x11f97
0x18FDD	lcall	0x1F267	0x1f267
0x18FE2	lcall	0x1F267	0x1f267
0x18FE8	lcall	0x11F64	0x11f64
0x18FF5	lcall	0x1AFB0	0x1afb0
0x18FF8	lcall	0x11F64	0x11f64
0x19000	lcall	0x11F64	0x11f64
0x19008	lcall	0x1EFDF	0x1efdf
0x19011	lcall	0x1EF5C	0x1ef5c
0x19016	lcall	0x1EFDF	0x1efdf
0x1901F	lcall	0x1EF5C	0x1ef5c
0x19025	lcall	0x11F64	0x11f64
0x1902E	lcall	0x13948	0x13948
0x19031	lcall	0x11F64	0x11f64
0x1903C	lcall	0x1AFB0	0x1afb0
0x19045	lcall	0x1A1E0	0x1a1e0
0x19050	lcall	0x11F97	0x11f97
0x19055	lcall	0x1F267	0x1f267
0x1905A	lcall	0x1F267	0x1f267
0x1905D	lcall	0x11F64	0x11f64
0x1906A	lcall	0x11F64	0x11f64
0x19083	lcall	0x13CA6	0x13ca6
0x1909E	lcall	0x13CA6	0x13ca6
0x190A7	lcall	0x1EFDF	0x1efdf
0x190B0	lcall	0x1EF5C	0x1ef5c
0x190B5	lcall	0x1EFDF	0x1efdf
0x190BE	lcall	0x1EF5C	0x1ef5c
0x190CA	lcall	0x13948	0x13948
0x190D5	lcall	0x1AFB0	0x1afb0
0x190DE	lcall	0x1A1E0	0x1a1e0
0x190E9	lcall	0x11F97	0x11f97
0x190EE	lcall	0x1F267	0x1f267
0x190F3	lcall	0x1F267	0x1f267
0x19100	lcall	0x11F64	0x11f64
0x19119	lcall	0x13CA6	0x13ca6
0x19134	lcall	0x13CA6	0x13ca6
0x19140	lcall	0x1EFDF	0x1efdf
0x19149	lcall	0x1EF5C	0x1ef5c
0x1914E	lcall	0x1EFDF	0x1efdf
0x19157	lcall	0x1EF5C	0x1ef5c
0x19163	lcall	0x13948	0x13948
0x1916E	lcall	0x1AFB0	0x1afb0
0x19177	lcall	0x1A1E0	0x1a1e0
0x19182	lcall	0x11F97	0x11f97
0x19187	lcall	0x1F267	0x1f267
0x1918C	lcall	0x1F267	0x1f267
0x1918F	lcall	0x11F64	0x11f64
0x1919C	lcall	0x11F64	0x11f64
0x191B5	lcall	0x13CA6	0x13ca6
0x191C0	lcall	0x1151D	0x1151d
0x191D2	lcall	0x11F97	0x11f97
0x191F0	lcall	0x1151D	0x1151d
0x19214	lcall	0x13CA6	0x13ca6
0x1921E	lcall	0x11F64	0x11f64
0x19224	lcall	0x14456	0x14456
0x19247	lcall	0x13B04	0x13b04
0x19258	lcall	0x13B04	0x13b04
0x1925E	lcall	0x1444A	0x1444a
0x1926F	lcall	0x13D51	0x13d51
0x19277	lcall	0x13D18	0x13d18
0x19298	lcall	0x13B04	0x13b04
0x192A3	lcall	0x13A13	0x13a13
0x192A6	lcall	0x13D51	0x13d51
0x192B1	lcall	0x11F64	0x11f64
0x192B7	lcall	0x11F64	0x11f64
0x192D0	lcall	0x13B04	0x13b04
0x192E1	lcall	0x13B04	0x13b04
0x192E7	lcall	0x1444A	0x1444a
0x192F8	lcall	0x13D51	0x13d51
0x19300	lcall	0x13D18	0x13d18
0x19321	lcall	0x13B04	0x13b04
0x1932C	lcall	0x13A13	0x13a13
0x1932F	lcall	0x13D51	0x13d51
0x1933A	lcall	0x11F64	0x11f64
0x19353	lcall	0x13CA6	0x13ca6
0x1935B	lcall	0x14456	0x14456
0x19367	lcall	0x14456	0x14456
0x19373	lcall	0x1151D	0x1151d
0x1937A	lcall	0x11F97	0x11f97
0x19393	lcall	0x13CA6	0x13ca6
0x1939A	lcall	0x11F64	0x11f64
0x193AF	lcall	0x11F97	0x11f97
0x193C1	lcall	0x11F97	0x11f97
0x193D3	lcall	0x11F97	0x11f97
0x193EC	lcall	0x13CA6	0x13ca6
0x193F3	lcall	0x1B311	0x1b311
0x19401	lcall	0x11F64	0x11f64
0x19408	lcall	0x11F97	0x11f97
0x19428	lcall	0x13CA6	0x13ca6
0x1943D	lcall	0x11F97	0x11f97
0x19444	lcall	0x11F97	0x11f97
0x1944B	lcall	0x1A1E0	0x1a1e0
0x19452	lcall	0x1ACD4	0x1acd4
0x1945D	lcall	0x14456	0x14456
0x1947E	lcall	0x13CA6	0x13ca6
0x1948C	lcall	0x1A1E0	0x1a1e0
0x19493	lcall	0x1ACD4	0x1acd4
0x194B5	lcall	0x13C0D	0x13c0d
0x194C9	lcall	0x13D18	0x13d18
0x194D4	lcall	0x13B04	0x13b04
0x194DA	lcall	0x1444A	0x1444a
0x194EB	lcall	0x13D51	0x13d51
0x19512	lcall	0x1151D	0x1151d
0x19520	lcall	0x11F97	0x11f97
0x19539	lcall	0x13CA6	0x13ca6
0x19548	lcall	0x1AA31	0x1aa31
0x19561	lcall	0x13A13	0x13a13
0x19567	lcall	0x1444A	0x1444a
0x1956D	lcall	0x11F64	0x11f64
0x19574	lcall	0x1A1E0	0x1a1e0
0x1957B	lcall	0x11F64	0x11f64
0x1957E	lcall	0x1ACD4	0x1acd4
0x1958C	lcall	0x11F64	0x11f64
0x195E5	lcall	0x11F64	0x11f64
0x195E8	lcall	0x1AA31	0x1aa31
0x195F3	lcall	0x18B23	0x18b23
0x195FE	lcall	0x11F64	0x11f64
0x19648	lcall	0x11F64	0x11f64
0x1967C	lcall	0x11F97	0x11f97
0x196A4	lcall	0x11F64	0x11f64
0x1970B	lcall	0x11F97	0x11f97
0x19740	lcall	0x11F97	0x11f97
0x19772	lcall	0x1A1E0	0x1a1e0
0x19779	lcall	0x1ACD4	0x1acd4
0x19781	lcall	0x1AA31	0x1aa31
0x197A4	lcall	0x11F64	0x11f64
0x197AF	lcall	0x18B23	0x18b23
0x197BF	lcall	0x19FB1	0x19fb1
0x197C5	lcall	0x1444A	0x1444a
0x197DE	lcall	0x13CA6	0x13ca6
0x197E3	lcall	0x11F64	0x11f64
0x197F5	lcall	0x1EFDF	0x1efdf
0x197FE	lcall	0x1EF5C	0x1ef5c
0x19801	lcall	0x11F64	0x11f64
0x19804	lcall	0x1AA31	0x1aa31
0x1980D	lcall	0x11F64	0x11f64
0x19810	lcall	0x1AA31	0x1aa31
0x19815	lcall	0x1EFDF	0x1efdf
0x1981E	lcall	0x1EF5C	0x1ef5c
0x19826	lcall	0x11F64	0x11f64
0x19857	lcall	0x1AA31	0x1aa31
0x1985A	lcall	0x11F64	0x11f64
0x19863	lcall	0x11F64	0x11f64
0x19868	lcall	0x1F267	0x1f267
0x19878	lcall	0x18B23	0x18b23
0x19888	lcall	0x19FB1	0x19fb1
0x1988E	lcall	0x1444A	0x1444a
0x19891	lcall	0x1AA31	0x1aa31
0x198A2	lcall	0x19BFB	0x19bfb
0x198A5	lcall	0x11F64	0x11f64
0x198B6	lcall	0x1A52C	0x1a52c
0x198B9	lcall	0x1AA31	0x1aa31
0x198D0	lcall	0x11F64	0x11f64
0x198D3	lcall	0x1AA31	0x1aa31
0x198EC	lcall	0x13CA6	0x13ca6
0x19909	lcall	0x13A0F	0x13a0f
0x1991A	lcall	0x13B04	0x13b04
0x1993B	lcall	0x13C0D	0x13c0d
0x1994E	lcall	0x13C0D	0x13c0d
0x19954	lcall	0x1444A	0x1444a
0x1996F	lcall	0x13CA6	0x13ca6
0x1997B	lcall	0x14456	0x14456
0x1999D	lcall	0x13B04	0x13b04
0x199AE	lcall	0x13CA6	0x13ca6
0x199B3	lcall	0x11F64	0x11f64
0x199C2	lcall	0x1476B	0x1476b
0x199DB	lcall	0x13B04	0x13b04
0x199DE	lcall	0x1B521	0x1b521
0x199F5	lcall	0x150F8	0x150f8
0x199F8	lcall	0x11F64	0x11f64
0x199FE	lcall	0x14456	0x14456
0x19A05	lcall	0x1AA31	0x1aa31
0x19A21	lcall	0x13B04	0x13b04
0x19A32	lcall	0x13CA6	0x13ca6
0x19A39	lcall	0x11F64	0x11f64
0x19A48	lcall	0x1476B	0x1476b
0x19A61	lcall	0x13B04	0x13b04
0x19A64	lcall	0x1B521	0x1b521
0x19A7B	lcall	0x150F8	0x150f8
0x19A7E	lcall	0x11F64	0x11f64
0x19A84	lcall	0x14456	0x14456
0x19A8B	lcall	0x1AA31	0x1aa31
0x19A90	lcall	0x11F64	0x11f64
0x19AA1	lcall	0x1B521	0x1b521
0x19AB0	lcall	0x1476B	0x1476b
0x19AB3	lcall	0x1AA31	0x1aa31
0x19AB6	lcall	0x1AA31	0x1aa31
0x19ACB	lcall	0x11F64	0x11f64
0x19AE0	lcall	0x1AFB0	0x1afb0
0x19AF3	lcall	0x1AFB0	0x1afb0
0x19B07	lcall	0x1AFB0	0x1afb0
0x19B22	lcall	0x13C0D	0x13c0d
0x19B25	lcall	0x1AFB0	0x1afb0
0x19B28	lcall	0x11F64	0x11f64
0x19B2B	lcall	0x1AA31	0x1aa31
0x19B34	lcall	0x152F8	0x152f8
0x19B3C	lcall	0x1EFDF	0x1efdf
0x19B3F	lcall	0x11F64	0x11f64
0x19B48	lcall	0x1EF5C	0x1ef5c
0x19B4B	lcall	0x11F64	0x11f64
0x19B54	lcall	0x152F8	0x152f8
0x19B76	lcall	0x11F64	0x11f64
0x19B83	lcall	0x1EFDF	0x1efdf
0x19B91	lcall	0x152F8	0x152f8
0x19BC0	lcall	0x1EF5C	0x1ef5c
0x19BC3	lcall	0x11F64	0x11f64
0x19BD4	lcall	0x152F8	0x152f8
0x19BDC	lcall	0x11F64	0x11f64
0x19BDF	lcall	0x1AA31	0x1aa31
0x19BE6	lcall	0x1A1E0	0x1a1e0
0x19BF0	lcall	0x1ACD4	0x1acd4
0x19BF3	lcall	0x11F64	0x11f64
0x19BFE	lcall	0x1444A	0x1444a
0x19C04	lcall	0x14456	0x14456
0x19C0E	lcall	0x14456	0x14456
0x19C1C	lcall	0x11F64	0x11f64
0x19C1F	lcall	0x1AA31	0x1aa31
0x19C25	lcall	0x1444A	0x1444a
0x19C34	lcall	0x11F64	0x11f64
0x19C6C	lcall	0x11F64	0x11f64
0x19C8B	lcall	0x13B04	0x13b04
0x19C96	lcall	0x13CA6	0x13ca6
0x19CB7	lcall	0x13B04	0x13b04
0x19CBA	lcall	0x14C02	0x14c02
0x19CC5	lcall	0x13B04	0x13b04
0x19CCB	lcall	0x1444A	0x1444a
0x19CE6	lcall	0x13B04	0x13b04
0x19CF7	lcall	0x13B04	0x13b04
0x19CFD	lcall	0x1444A	0x1444a
0x19D00	lcall	0x11F64	0x11f64
0x19D19	lcall	0x13CA6	0x13ca6
0x19D21	lcall	0x14456	0x14456
0x19D28	lcall	0x11F64	0x11f64
0x19D2E	lcall	0x11F64	0x11f64
0x19D37	lcall	0x1EF5C	0x1ef5c
0x19D3E	lcall	0x11F97	0x11f97
0x19D4A	lcall	0x13948	0x13948
0x19D4D	lcall	0x11F64	0x11f64
0x19D58	lcall	0x1AFB0	0x1afb0
0x19D5B	lcall	0x11F64	0x11f64
0x19D61	lcall	0x11F64	0x11f64
0x19D6A	lcall	0x1EF5C	0x1ef5c
0x19D71	lcall	0x1A1E0	0x1a1e0
0x19D7C	lcall	0x11F97	0x11f97
0x19D88	lcall	0x13948	0x13948
0x19D8B	lcall	0x11F64	0x11f64
0x19D96	lcall	0x1AFB0	0x1afb0
0x19D99	lcall	0x11F64	0x11f64
0x19D9F	lcall	0x11F64	0x11f64
0x19DA2	lcall	0x1BBF7	0x1bbf7
0x19DA8	lcall	0x1444A	0x1444a
0x19DAB	lcall	0x11F64	0x11f64
0x19DB1	lcall	0x11F64	0x11f64
0x19DCA	lcall	0x13CA6	0x13ca6
0x19DEE	lcall	0x13CA6	0x13ca6
0x19E12	lcall	0x13CA6	0x13ca6
0x19E37	lcall	0x13CA6	0x13ca6
0x19E5A	lcall	0x13CA6	0x13ca6
0x19E64	lcall	0x14456	0x14456
0x19E89	lcall	0x13B04	0x13b04
0x19E99	lcall	0x13D1D	0x13d1d
0x19EAC	lcall	0x13C0D	0x13c0d
0x19EB7	lcall	0x13B04	0x13b04
0x19EBD	lcall	0x1444A	0x1444a
0x19EC0	lcall	0x11F64	0x11f64
0x19EC5	lcall	0x11F64	0x11f64
0x19ECB	lcall	0x14456	0x14456
0x19ED2	lcall	0x11F64	0x11f64
0x19ED7	lcall	0x11F64	0x11f64
0x19EE0	lcall	0x1EF5C	0x1ef5c
0x19EE7	lcall	0x1A1E0	0x1a1e0
0x19EF2	lcall	0x11F97	0x11f97
0x19EFE	lcall	0x13948	0x13948
0x19F01	lcall	0x11F64	0x11f64
0x19F0C	lcall	0x1AFB0	0x1afb0
0x19F0F	lcall	0x11F64	0x11f64
0x19F15	lcall	0x11F64	0x11f64
0x19F2E	lcall	0x13B04	0x13b04
0x19F3F	lcall	0x13CA6	0x13ca6
0x19F4B	lcall	0x11F64	0x11f64
0x19F6A	lcall	0x13CA6	0x13ca6
0x19F71	lcall	0x11F64	0x11f64
0x19F76	lcall	0x1EFDF	0x1efdf
0x19F7F	lcall	0x1EF5C	0x1ef5c
0x19F82	lcall	0x11F64	0x11f64
0x19F8E	lcall	0x11F64	0x11f64
0x19F93	lcall	0x1EFDF	0x1efdf
0x19F9C	lcall	0x1EF5C	0x1ef5c
0x19F9F	lcall	0x11F64	0x11f64
0x19FA9	lcall	0x11F64	0x11f64
0x19FCC	lcall	0x140AB	0x140ab
0x19FD2	lcall	0x14456	0x14456
0x19FD9	lcall	0x11F64	0x11f64
0x19FF0	lcall	0x14456	0x14456
0x19FFA	lcall	0x11F64	0x11f64
0x1A000	lcall	0x14456	0x14456
0x1A00F	lcall	0x14CAA	0x14caa
0x1A01A	lcall	0x13B04	0x13b04
0x1A02D	lcall	0x13C0D	0x13c0d
0x1A041	lcall	0x13D18	0x13d18
0x1A04C	lcall	0x13B04	0x13b04
0x1A086	lcall	0x13C0D	0x13c0d
0x1A08C	lcall	0x1444A	0x1444a
0x1A0A5	lcall	0x13B04	0x13b04
0x1A0AB	lcall	0x1444A	0x1444a
0x1A0AE	lcall	0x11F64	0x11f64
0x1A0E7	lcall	0x13CA6	0x13ca6
0x1A0F1	lcall	0x14456	0x14456
0x1A10E	lcall	0x13A13	0x13a13
0x1A114	lcall	0x1444A	0x1444a
0x1A117	lcall	0x11F64	0x11f64
0x1A133	lcall	0x13A13	0x13a13
0x1A139	lcall	0x1444A	0x1444a
0x1A13C	lcall	0x11F64	0x11f64
0x1A157	lcall	0x13A13	0x13a13
0x1A15D	lcall	0x1444A	0x1444a
0x1A160	lcall	0x11F64	0x11f64
0x1A17B	lcall	0x13B04	0x13b04
0x1A181	lcall	0x1444A	0x1444a
0x1A19A	lcall	0x13A13	0x13a13
0x1A1A0	lcall	0x1444A	0x1444a
0x1A1A3	lcall	0x11F64	0x11f64
0x1A1A6	lcall	0x11F64	0x11f64
0x1A1BF	lcall	0x13CA6	0x13ca6
0x1A1C7	lcall	0x14456	0x14456
0x1A1CE	lcall	0x11F64	0x11f64
0x1A226	lcall	0x11F64	0x11f64
0x1A23F	lcall	0x11F64	0x11f64
0x1A246	lcall	0x11F64	0x11f64
0x1A24E	lcall	0x11F64	0x11f64
0x1A257	lcall	0x11F64	0x11f64
0x1A2B5	lcall	0x11F64	0x11f64
0x1A2F5	lcall	0x11F64	0x11f64
0x1A31E	lcall	0x11F64	0x11f64
0x1A355	lcall	0x11F64	0x11f64
0x1A35C	lcall	0x11F64	0x11f64
0x1A37B	lcall	0x11F64	0x11f64
0x1A37E	lcall	0x1B0E8	0x1b0e8
0x1A386	lcall	0x11FD1	0x11fd1
0x1A391	lcall	0x11F64	0x11f64
0x1A396	lcall	0x1EFDF	0x1efdf
0x1A399	lcall	0x11F64	0x11f64
0x1A3A2	lcall	0x1EF5C	0x1ef5c
0x1A3A9	lcall	0x11F97	0x11f97
0x1A3B1	lcall	0x11F64	0x11f64
0x1A3D1	lcall	0x11F64	0x11f64
0x1A3F8	lcall	0x11F64	0x11f64
0x1A3FD	lcall	0x11F64	0x11f64
0x1A409	lcall	0x11F64	0x11f64
0x1A415	lcall	0x11F64	0x11f64
0x1A457	lcall	0x11F64	0x11f64
0x1A4A1	lcall	0x11F64	0x11f64
0x1A4F8	lcall	0x11F64	0x11f64
0x1A509	lcall	0x11F64	0x11f64
0x1A520	lcall	0x11F64	0x11f64
0x1A52F	lcall	0x1444A	0x1444a
0x1A542	lcall	0x140AB	0x140ab
0x1A54A	lcall	0x11F64	0x11f64
0x1A563	lcall	0x13CA6	0x13ca6
0x1A583	lcall	0x13CA6	0x13ca6
0x1A58A	lcall	0x11F64	0x11f64
0x1A5A1	lcall	0x147ED	0x147ed
0x1A5A6	lcall	0x1EFDF	0x1efdf
0x1A5AF	lcall	0x1EF5C	0x1ef5c
0x1A5B2	lcall	0x11F64	0x11f64
0x1A5B7	lcall	0x1EFDF	0x1efdf
0x1A5C0	lcall	0x1EF5C	0x1ef5c
0x1A5C5	lcall	0x1EFDF	0x1efdf
0x1A5CE	lcall	0x1EF5C	0x1ef5c
0x1A5D1	lcall	0x11F64	0x11f64
0x1A5ED	lcall	0x13CA6	0x13ca6
0x1A5F4	lcall	0x11F64	0x11f64
0x1A60D	lcall	0x13A13	0x13a13
0x1A613	lcall	0x1444A	0x1444a
0x1A63A	lcall	0x13C0D	0x13c0d
0x1A640	lcall	0x1444A	0x1444a
0x1A649	lcall	0x147ED	0x147ed
0x1A64C	lcall	0x11F64	0x11f64
0x1A668	lcall	0x13CA6	0x13ca6
0x1A685	lcall	0x13A13	0x13a13
0x1A68B	lcall	0x1444A	0x1444a
0x1A68E	lcall	0x11F64	0x11f64
0x1A6B5	lcall	0x13C0D	0x13c0d
0x1A6BB	lcall	0x1444A	0x1444a
0x1A6C4	lcall	0x147ED	0x147ed
0x1A6CF	lcall	0x1530D	0x1530d
0x1A6DF	lcall	0x1413C	0x1413c
0x1A6E2	lcall	0x11F64	0x11f64
0x1A6FE	lcall	0x13CA6	0x13ca6
0x1A71B	lcall	0x13A13	0x13a13
0x1A721	lcall	0x1444A	0x1444a
0x1A724	lcall	0x11F64	0x11f64
0x1A74B	lcall	0x13C0D	0x13c0d
0x1A751	lcall	0x1444A	0x1444a
0x1A75A	lcall	0x147ED	0x147ed
0x1A765	lcall	0x1530D	0x1530d
0x1A775	lcall	0x1413C	0x1413c
0x1A791	lcall	0x13CA6	0x13ca6
0x1A7AE	lcall	0x13A13	0x13a13
0x1A7B4	lcall	0x1444A	0x1444a
0x1A7B7	lcall	0x11F64	0x11f64
0x1A7DE	lcall	0x13C0D	0x13c0d
0x1A7E4	lcall	0x1444A	0x1444a
0x1A7ED	lcall	0x147ED	0x147ed
0x1A7F8	lcall	0x1530D	0x1530d
0x1A808	lcall	0x1413C	0x1413c
0x1A80B	lcall	0x11F64	0x11f64
0x1A810	lcall	0x11F64	0x11f64
0x1A837	lcall	0x13C0D	0x13c0d
0x1A83D	lcall	0x1444A	0x1444a
0x1A846	lcall	0x147ED	0x147ed
0x1A851	lcall	0x1530D	0x1530d
0x1A861	lcall	0x1413C	0x1413c
0x1A864	lcall	0x11F64	0x11f64
0x1A867	lcall	0x11F64	0x11f64
0x1A870	lcall	0x152F8	0x152f8
0x1A87B	lcall	0x11F64	0x11f64
0x1A88C	lcall	0x11F64	0x11f64
0x1A897	lcall	0x1530D	0x1530d
0x1A8BF	lcall	0x11F64	0x11f64
0x1A8C9	lcall	0x1420F	0x1420f
0x1A8D4	lcall	0x11F64	0x11f64
0x1A8E2	lcall	0x152F8	0x152f8
0x1A8FB	lcall	0x11F64	0x11f64
0x1A917	lcall	0x140F6	0x140f6
0x1A926	lcall	0x1413C	0x1413c
0x1A930	lcall	0x1420F	0x1420f
0x1A93B	lcall	0x11F64	0x11f64
0x1A966	lcall	0x11F64	0x11f64
0x1A976	lcall	0x1413C	0x1413c
0x1A980	lcall	0x1420F	0x1420f
0x1A98B	lcall	0x11F64	0x11f64
0x1A990	lcall	0x11F64	0x11f64
0x1A99F	lcall	0x1476B	0x1476b
0x1A9AA	lcall	0x1530D	0x1530d
0x1A9B8	lcall	0x11F64	0x11f64
0x1A9C8	lcall	0x1413C	0x1413c
0x1A9CB	lcall	0x11F64	0x11f64
0x1A9D4	lcall	0x152F8	0x152f8
0x1A9DC	lcall	0x11F64	0x11f64
0x1A9E1	lcall	0x1EFDF	0x1efdf
0x1A9E4	lcall	0x11F64	0x11f64
0x1A9ED	lcall	0x1EF5C	0x1ef5c
0x1AA17	lcall	0x1EF5C	0x1ef5c
0x1AA1A	lcall	0x11F64	0x11f64
0x1AA2D	lcall	0x11F64	0x11f64
0x1AA34	lcall	0x14456	0x14456
0x1AA3E	lcall	0x14456	0x14456
0x1AA48	lcall	0x14456	0x14456
0x1AA4F	lcall	0x11F64	0x11f64
0x1AA68	lcall	0x13CA6	0x13ca6
0x1AA82	lcall	0x18B23	0x18b23
0x1AA8A	lcall	0x13D18	0x13d18
0x1AA90	lcall	0x1444A	0x1444a
0x1AAA9	lcall	0x13CA6	0x13ca6
0x1AAC6	lcall	0x13B04	0x13b04
0x1AACC	lcall	0x1444A	0x1444a
0x1AAD4	lcall	0x14456	0x14456
0x1AADB	lcall	0x11F64	0x11f64
0x1AAFF	lcall	0x13CA6	0x13ca6
0x1AB1C	lcall	0x13CA6	0x13ca6
0x1AB3C	lcall	0x13CA6	0x13ca6
0x1AB4B	lcall	0x18B23	0x18b23
0x1AB53	lcall	0x13D18	0x13d18
0x1AB59	lcall	0x1444A	0x1444a
0x1AB5C	lcall	0x11F64	0x11f64
0x1AB75	lcall	0x13CA6	0x13ca6
0x1AB92	lcall	0x13B04	0x13b04
0x1AB98	lcall	0x1444A	0x1444a
0x1ABA0	lcall	0x14456	0x14456
0x1ABA7	lcall	0x11F64	0x11f64
0x1ABC6	lcall	0x13C0D	0x13c0d
0x1ABD1	lcall	0x13B04	0x13b04
0x1ABD7	lcall	0x1444A	0x1444a
0x1ABDA	lcall	0x11F64	0x11f64
0x1ABF3	lcall	0x13CA6	0x13ca6
0x1ABFD	lcall	0x14456	0x14456
0x1AC1A	lcall	0x13CA6	0x13ca6
0x1AC22	lcall	0x14456	0x14456
0x1AC3F	lcall	0x13CA6	0x13ca6
0x1AC5A	lcall	0x13CA6	0x13ca6
0x1AC62	lcall	0x14456	0x14456
0x1AC7F	lcall	0x13CA6	0x13ca6
0x1AC9C	lcall	0x13CA6	0x13ca6
0x1ACA4	lcall	0x14456	0x14456
0x1ACAB	lcall	0x11F64	0x11f64
0x1ACBC	lcall	0x13D51	0x13d51
0x1ACBF	lcall	0x1B0F8	0x1b0f8
0x1ACC2	lcall	0x11F64	0x11f64
0x1ACDA	lcall	0x14456	0x14456
0x1ACE4	lcall	0x14456	0x14456
0x1ACFB	lcall	0x1151D	0x1151d
0x1ACFE	lcall	0x11F64	0x11f64
0x1AD01	lcall	0x1AA31	0x1aa31
0x1AD07	lcall	0x1444A	0x1444a
0x1AD17	lcall	0x1F267	0x1f267
0x1AD1C	lcall	0x1EFDF	0x1efdf
0x1AD25	lcall	0x1EF5C	0x1ef5c
0x1AD28	lcall	0x11F64	0x11f64
0x1AD2B	lcall	0x11F64	0x11f64
0x1AD3F	lcall	0x1AA31	0x1aa31
0x1AD60	lcall	0x13B04	0x13b04
0x1AD73	lcall	0x13CA6	0x13ca6
0x1AD7B	lcall	0x1AA31	0x1aa31
0x1AD81	lcall	0x1444A	0x1444a
0x1AD8A	lcall	0x1AA31	0x1aa31
0x1AD9B	lcall	0x1AA31	0x1aa31
0x1ADA6	lcall	0x13B04	0x13b04
0x1ADB7	lcall	0x13CA6	0x13ca6
0x1ADBF	lcall	0x1AA31	0x1aa31
0x1ADCA	lcall	0x13CA6	0x13ca6
0x1ADCF	lcall	0x1AA31	0x1aa31
0x1ADD5	lcall	0x1444A	0x1444a
0x1ADE3	lcall	0x1AA31	0x1aa31
0x1ADEE	lcall	0x13B04	0x13b04
0x1ADFF	lcall	0x13CA6	0x13ca6
0x1AE13	lcall	0x1EFDF	0x1efdf
0x1AE16	lcall	0x11F64	0x11f64
0x1AE1F	lcall	0x1EF5C	0x1ef5c
0x1AE28	lcall	0x11F97	0x11f97
0x1AE2B	lcall	0x1AA31	0x1aa31
0x1AE2E	lcall	0x1AA31	0x1aa31
0x1AE3E	lcall	0x1EFDF	0x1efdf
0x1AE41	lcall	0x11F64	0x11f64
0x1AE4A	lcall	0x1EF5C	0x1ef5c
0x1AE54	lcall	0x1AA31	0x1aa31
0x1AE5F	lcall	0x13CA6	0x13ca6
0x1AE67	lcall	0x1AA31	0x1aa31
0x1AE6D	lcall	0x1444A	0x1444a
0x1AE7B	lcall	0x11F64	0x11f64
0x1AE83	lcall	0x11F64	0x11f64
0x1AE97	lcall	0x1AA31	0x1aa31
0x1AEB8	lcall	0x13B04	0x13b04
0x1AECB	lcall	0x13CA6	0x13ca6
0x1AED2	lcall	0x1AA31	0x1aa31
0x1AED8	lcall	0x1444A	0x1444a
0x1AEDF	lcall	0x11F97	0x11f97
0x1AEE2	lcall	0x1AA31	0x1aa31
0x1AEED	lcall	0x13B04	0x13b04
0x1AEFE	lcall	0x13CA6	0x13ca6
0x1AF03	lcall	0x11F64	0x11f64
0x1AF13	lcall	0x1EFDF	0x1efdf
0x1AF16	lcall	0x11F64	0x11f64
0x1AF1F	lcall	0x1EF5C	0x1ef5c
0x1AF29	lcall	0x1AA31	0x1aa31
0x1AF34	lcall	0x13CA6	0x13ca6
0x1AF3C	lcall	0x11F64	0x11f64
0x1AF4E	lcall	0x11F97	0x11f97
0x1AF67	lcall	0x11F64	0x11f64
0x1AF90	lcall	0x11F64	0x11f64
0x1AF97	lcall	0x11F64	0x11f64
0x1AF9C	lcall	0x1F267	0x1f267
0x1AFA1	lcall	0x1F267	0x1f267
0x1AFA4	lcall	0x11F64	0x11f64
0x1AFAC	lcall	0x1151D	0x1151d
0x1AFB3	lcall	0x1444A	0x1444a
0x1AFB6	lcall	0x11F64	0x11f64
0x1AFBF	lcall	0x11F64	0x11f64
0x1AFC8	lcall	0x11F64	0x11f64
0x1AFD7	lcall	0x11F64	0x11f64
0x1AFE9	lcall	0x1476B	0x1476b
0x1AFFA	lcall	0x1476B	0x1476b
0x1AFFD	lcall	0x11F64	0x11f64
0x1B014	lcall	0x1395C	0x1395c
0x1B02B	lcall	0x150F8	0x150f8
0x1B03C	lcall	0x11F64	0x11f64
0x1B04B	lcall	0x1476B	0x1476b
0x1B04E	lcall	0x11F64	0x11f64
0x1B065	lcall	0x1395C	0x1395c
0x1B07C	lcall	0x150F8	0x150f8
0x1B07F	lcall	0x11F64	0x11f64
0x1B082	lcall	0x11F64	0x11f64
0x1B09C	lcall	0x150F8	0x150f8
0x1B0B8	lcall	0x150F8	0x150f8
0x1B0D1	lcall	0x150F8	0x150f8
0x1B0D4	lcall	0x11F64	0x11f64
0x1B0D7	lcall	0x11F64	0x11f64
0x1B0DA	lcall	0x1392A	0x1392a
0x1B0DD	lcall	0x11F64	0x11f64
0x1B0E4	lcall	0x11F64	0x11f64
0x1B0E8	lcall	0x11F64	0x11f64
0x1B115	lcall	0x140AB	0x140ab
0x1B128	lcall	0x140AB	0x140ab
0x1B13B	lcall	0x140AB	0x140ab
0x1B14E	lcall	0x140AB	0x140ab
0x1B161	lcall	0x140AB	0x140ab
0x1B174	lcall	0x140AB	0x140ab
0x1B187	lcall	0x140AB	0x140ab
0x1B18A	lcall	0x11F64	0x11f64
0x1B18F	lcall	0x1EFDF	0x1efdf
0x1B198	lcall	0x1EF5C	0x1ef5c
0x1B19B	lcall	0x11F64	0x11f64
0x1B1A0	lcall	0x1EFDF	0x1efdf
0x1B1A9	lcall	0x1EF5C	0x1ef5c
0x1B1AC	lcall	0x11F64	0x11f64
0x1B1D7	lcall	0x140D4	0x140d4
0x1B210	lcall	0x150F8	0x150f8
0x1B213	lcall	0x11F64	0x11f64
0x1B226	lcall	0x140D4	0x140d4
0x1B232	lcall	0x14170	0x14170
0x1B246	lcall	0x141D9	0x141d9
0x1B262	lcall	0x11F64	0x11f64
0x1B273	lcall	0x11F64	0x11f64
0x1B284	lcall	0x11F64	0x11f64
0x1B295	lcall	0x11F64	0x11f64
0x1B2A6	lcall	0x11F64	0x11f64
0x1B2A9	lcall	0x11F64	0x11f64
0x1B2C7	lcall	0x150F8	0x150f8
0x1B2D0	lcall	0x152F8	0x152f8
0x1B2F2	lcall	0x150F8	0x150f8
0x1B2F5	lcall	0x11F64	0x11f64
0x1B2FC	lcall	0x1EFDF	0x1efdf
0x1B2FF	lcall	0x11F64	0x11f64
0x1B308	lcall	0x1EF5C	0x1ef5c
0x1B31C	lcall	0x14456	0x14456
0x1B328	lcall	0x1151D	0x1151d
0x1B32B	lcall	0x11F64	0x11f64
0x1B355	lcall	0x11F64	0x11f64
0x1B367	lcall	0x11F97	0x11f97
0x1B372	lcall	0x18B23	0x18b23
0x1B380	lcall	0x14456	0x14456
0x1B38F	lcall	0x14CAA	0x14caa
0x1B39A	lcall	0x13B04	0x13b04
0x1B3AD	lcall	0x13C0D	0x13c0d
0x1B3C1	lcall	0x13D18	0x13d18
0x1B3CC	lcall	0x13B04	0x13b04
0x1B3D7	lcall	0x13B04	0x13b04
0x1B3DD	lcall	0x1444A	0x1444a
0x1B3FC	lcall	0x13CA6	0x13ca6
0x1B40E	lcall	0x18B23	0x18b23
0x1B41C	lcall	0x14456	0x14456
0x1B42B	lcall	0x14CAA	0x14caa
0x1B436	lcall	0x13B04	0x13b04
0x1B449	lcall	0x13C0D	0x13c0d
0x1B45D	lcall	0x13D18	0x13d18
0x1B468	lcall	0x13B04	0x13b04
0x1B473	lcall	0x13B04	0x13b04
0x1B479	lcall	0x1444A	0x1444a
0x1B47C	lcall	0x11F64	0x11f64
0x1B49B	lcall	0x13CA6	0x13ca6
0x1B4B8	lcall	0x13CA6	0x13ca6
0x1B4D3	lcall	0x13A13	0x13a13
0x1B4D9	lcall	0x1444A	0x1444a
0x1B4DC	lcall	0x11F64	0x11f64
0x1B4DF	lcall	0x11F64	0x11f64
0x1B4F8	lcall	0x13A13	0x13a13
0x1B4FE	lcall	0x1444A	0x1444a
0x1B51D	lcall	0x11F64	0x11f64
0x1B524	lcall	0x1444A	0x1444a
0x1B52E	lcall	0x11F64	0x11f64
0x1B53D	lcall	0x1476B	0x1476b
0x1B556	lcall	0x13CA6	0x13ca6
0x1B574	lcall	0x13C0D	0x13c0d
0x1B57A	lcall	0x1444A	0x1444a
0x1B57D	lcall	0x11F64	0x11f64
0x1B596	lcall	0x13CA6	0x13ca6
0x1B5B3	lcall	0x13A13	0x13a13
0x1B5B9	lcall	0x1444A	0x1444a
0x1B5C3	lcall	0x11F64	0x11f64
0x1B5DF	lcall	0x13CA6	0x13ca6
0x1B5E6	lcall	0x11F64	0x11f64
0x1B5FF	lcall	0x13A13	0x13a13
0x1B60A	lcall	0x13B04	0x13b04
0x1B610	lcall	0x1444A	0x1444a
0x1B61B	lcall	0x11F64	0x11f64
0x1B620	lcall	0x11F64	0x11f64
0x1B639	lcall	0x13A13	0x13a13
0x1B644	lcall	0x13B04	0x13b04
0x1B64A	lcall	0x1444A	0x1444a
0x1B658	lcall	0x11F64	0x11f64
0x1B65B	lcall	0x11F64	0x11f64
0x1B66A	lcall	0x1476B	0x1476b
0x1B66D	lcall	0x11F64	0x11f64
0x1B67E	lcall	0x13D51	0x13d51
0x1B687	lcall	0x10908	0x10908
0x1B6A3	lcall	0x13CA6	0x13ca6
0x1B6AB	lcall	0x11F64	0x11f64
0x1B6C4	lcall	0x13C0D	0x13c0d
0x1B6CA	lcall	0x1444A	0x1444a
0x1B6E3	lcall	0x13CA6	0x13ca6
0x1B6EA	lcall	0x11F64	0x11f64
0x1B703	lcall	0x13A13	0x13a13
0x1B709	lcall	0x1444A	0x1444a
0x1B72C	lcall	0x13CA6	0x13ca6
0x1B733	lcall	0x11F64	0x11f64
0x1B74C	lcall	0x13A13	0x13a13
0x1B757	lcall	0x13B04	0x13b04
0x1B75D	lcall	0x1444A	0x1444a
0x1B76A	lcall	0x11F64	0x11f64
0x1B783	lcall	0x13A13	0x13a13
0x1B78E	lcall	0x13B04	0x13b04
0x1B794	lcall	0x1444A	0x1444a
0x1B7A2	lcall	0x11F64	0x11f64
0x1B7A5	lcall	0x11F64	0x11f64
0x1B7B6	lcall	0x13D51	0x13d51
0x1B7BF	lcall	0x10908	0x10908
0x1B7C2	lcall	0x11F64	0x11f64
0x1B7D1	lcall	0x1476B	0x1476b
0x1B7ED	lcall	0x13CA6	0x13ca6
0x1B7F5	lcall	0x11F64	0x11f64
0x1B80E	lcall	0x13C0D	0x13c0d
0x1B814	lcall	0x1444A	0x1444a
0x1B82D	lcall	0x13CA6	0x13ca6
0x1B834	lcall	0x11F64	0x11f64
0x1B84D	lcall	0x13A13	0x13a13
0x1B853	lcall	0x1444A	0x1444a
0x1B876	lcall	0x13CA6	0x13ca6
0x1B87D	lcall	0x11F64	0x11f64
0x1B896	lcall	0x13A13	0x13a13
0x1B8A1	lcall	0x13B04	0x13b04
0x1B8A7	lcall	0x1444A	0x1444a
0x1B8B2	lcall	0x11F64	0x11f64
0x1B8B7	lcall	0x11F64	0x11f64
0x1B8D0	lcall	0x13A13	0x13a13
0x1B8DB	lcall	0x13B04	0x13b04
0x1B8E1	lcall	0x1444A	0x1444a
0x1B8EF	lcall	0x11F64	0x11f64
0x1B8F2	lcall	0x11F64	0x11f64
0x1B901	lcall	0x1476B	0x1476b
0x1B912	lcall	0x13D51	0x13d51
0x1B91B	lcall	0x10908	0x10908
0x1B91E	lcall	0x11F64	0x11f64
0x1B93A	lcall	0x13CA6	0x13ca6
0x1B942	lcall	0x11F64	0x11f64
0x1B95B	lcall	0x13C0D	0x13c0d
0x1B961	lcall	0x1444A	0x1444a
0x1B97A	lcall	0x13CA6	0x13ca6
0x1B981	lcall	0x11F64	0x11f64
0x1B99A	lcall	0x13A13	0x13a13
0x1B9A0	lcall	0x1444A	0x1444a
0x1B9C3	lcall	0x13CA6	0x13ca6
0x1B9CA	lcall	0x11F64	0x11f64
0x1B9E3	lcall	0x13A13	0x13a13
0x1B9EE	lcall	0x13B04	0x13b04
0x1B9F4	lcall	0x1444A	0x1444a
0x1BA01	lcall	0x11F64	0x11f64
0x1BA1A	lcall	0x13A13	0x13a13
0x1BA25	lcall	0x13B04	0x13b04
0x1BA2B	lcall	0x1444A	0x1444a
0x1BA39	lcall	0x11F64	0x11f64
0x1BA3C	lcall	0x11F64	0x11f64
0x1BA4D	lcall	0x13D51	0x13d51
0x1BA56	lcall	0x10908	0x10908
0x1BA65	lcall	0x1476B	0x1476b
0x1BA68	lcall	0x11F64	0x11f64
0x1BA6D	lcall	0x11F64	0x11f64
0x1BA8F	lcall	0x13A13	0x13a13
0x1BA95	lcall	0x1444A	0x1444a
0x1BAA6	lcall	0x13D51	0x13d51
0x1BAAE	lcall	0x13D18	0x13d18
0x1BAB9	lcall	0x13C0D	0x13c0d
0x1BABC	lcall	0x13D51	0x13d51
0x1BAC3	lcall	0x14170	0x14170
0x1BACC	lcall	0x10908	0x10908
0x1BACF	lcall	0x11F64	0x11f64
0x1BADE	lcall	0x1476B	0x1476b
0x1BAE1	lcall	0x11F64	0x11f64
0x1BAEE	lcall	0x11F64	0x11f64
0x1BAF9	lcall	0x1530D	0x1530d
0x1BB0E	lcall	0x1420F	0x1420f
0x1BB1D	lcall	0x1413C	0x1413c
0x1BB27	lcall	0x1420F	0x1420f
0x1BB38	lcall	0x1410F	0x1410f
0x1BB3B	lcall	0x1413C	0x1413c
0x1BB4B	lcall	0x1420F	0x1420f
0x1BB5C	lcall	0x1410F	0x1410f
0x1BB5F	lcall	0x1413C	0x1413c
0x1BB69	lcall	0x1420F	0x1420f
0x1BB79	lcall	0x1413C	0x1413c
0x1BB7C	lcall	0x11F64	0x11f64
0x1BB7F	lcall	0x1AA31	0x1aa31
0x1BB96	lcall	0x150F8	0x150f8
0x1BBA1	lcall	0x1530D	0x1530d
0x1BBAF	lcall	0x11F64	0x11f64
0x1BBB9	lcall	0x1420F	0x1420f
0x1BBC8	lcall	0x1413C	0x1413c
0x1BBD2	lcall	0x1420F	0x1420f
0x1BBE2	lcall	0x1413C	0x1413c
0x1BBE5	lcall	0x11F64	0x11f64
0x1BBFA	lcall	0x14456	0x14456
0x1BC01	lcall	0x11F64	0x11f64
0x1BC1A	lcall	0x13CA6	0x13ca6
0x1BC3A	lcall	0x13CA6	0x13ca6
0x1BC44	lcall	0x11F64	0x11f64
0x1BC5D	lcall	0x13CA6	0x13ca6
0x1BC62	lcall	0x11F64	0x11f64
0x1BC7B	lcall	0x13CA6	0x13ca6
0x1BC9C	lcall	0x13B04	0x13b04
0x1BC9F	lcall	0x14C02	0x14c02
0x1BCAA	lcall	0x13B04	0x13b04
0x1BCB0	lcall	0x1444A	0x1444a
0x1BCB8	lcall	0x14456	0x14456
0x1BCBF	lcall	0x11F64	0x11f64
0x1BCDB	lcall	0x13CA6	0x13ca6
0x1BCE3	lcall	0x11F64	0x11f64
0x1BCFC	lcall	0x13CA6	0x13ca6
0x1BD1D	lcall	0x13B04	0x13b04
0x1BD20	lcall	0x14C02	0x14c02
0x1BD2B	lcall	0x13B04	0x13b04
0x1BD31	lcall	0x1444A	0x1444a
0x1BD4C	lcall	0x13CA6	0x13ca6
0x1BD54	lcall	0x14456	0x14456
0x1BD60	lcall	0x14456	0x14456
0x1BD67	lcall	0x11F64	0x11f64
0x1BD83	lcall	0x13CA6	0x13ca6
0x1BD8B	lcall	0x11F64	0x11f64
0x1BDA4	lcall	0x13CA6	0x13ca6
0x1BDC5	lcall	0x13B04	0x13b04
0x1BDC8	lcall	0x14C02	0x14c02
0x1BDD3	lcall	0x13B04	0x13b04
0x1BDD9	lcall	0x1444A	0x1444a
0x1BDF4	lcall	0x13CA6	0x13ca6
0x1BDFC	lcall	0x14456	0x14456
0x1BE1B	lcall	0x13CA6	0x13ca6
0x1BE23	lcall	0x14456	0x14456
0x1BE2F	lcall	0x14456	0x14456
0x1BE36	lcall	0x11F64	0x11f64
0x1BE52	lcall	0x13CA6	0x13ca6
0x1BE5A	lcall	0x11F64	0x11f64
0x1BE73	lcall	0x13CA6	0x13ca6
0x1BE94	lcall	0x13B04	0x13b04
0x1BE97	lcall	0x14C02	0x14c02
0x1BEA2	lcall	0x13B04	0x13b04
0x1BEA8	lcall	0x1444A	0x1444a
0x1BEC3	lcall	0x13CA6	0x13ca6
0x1BECB	lcall	0x14456	0x14456
0x1BEEA	lcall	0x13CA6	0x13ca6
0x1BEF2	lcall	0x14456	0x14456
0x1BEFE	lcall	0x14456	0x14456
0x1BF05	lcall	0x11F64	0x11f64
0x1BF21	lcall	0x13CA6	0x13ca6
0x1BF29	lcall	0x11F64	0x11f64
0x1BF42	lcall	0x13CA6	0x13ca6
0x1BF63	lcall	0x13B04	0x13b04
0x1BF66	lcall	0x14C02	0x14c02
0x1BF71	lcall	0x13B04	0x13b04
0x1BF77	lcall	0x1444A	0x1444a
0x1BF92	lcall	0x13CA6	0x13ca6
0x1BF9A	lcall	0x14456	0x14456
0x1BFB9	lcall	0x13CA6	0x13ca6
0x1BFC1	lcall	0x14456	0x14456
0x1BFCD	lcall	0x14456	0x14456
0x1BFD4	lcall	0x11F64	0x11f64
0x1BFF0	lcall	0x13CA6	0x13ca6
0x1BFF8	lcall	0x11F64	0x11f64
0x1C011	lcall	0x13CA6	0x13ca6
0x1C032	lcall	0x13B04	0x13b04
0x1C035	lcall	0x14C02	0x14c02
0x1C040	lcall	0x13B04	0x13b04
0x1C046	lcall	0x1444A	0x1444a
0x1C062	lcall	0x13CA6	0x13ca6
0x1C06A	lcall	0x14456	0x14456
0x1C08A	lcall	0x13CA6	0x13ca6
0x1C092	lcall	0x14456	0x14456
0x1C0B1	lcall	0x13CA6	0x13ca6
0x1C0B9	lcall	0x14456	0x14456
0x1C0D8	lcall	0x13CA6	0x13ca6
0x1C0E0	lcall	0x14456	0x14456
0x1C0EC	lcall	0x14456	0x14456
0x1C0F3	lcall	0x11F64	0x11f64
0x1C10F	lcall	0x13CA6	0x13ca6
0x1C117	lcall	0x11F64	0x11f64
0x1C130	lcall	0x13CA6	0x13ca6
0x1C151	lcall	0x13B04	0x13b04
0x1C154	lcall	0x14C02	0x14c02
0x1C15F	lcall	0x13B04	0x13b04
0x1C165	lcall	0x1444A	0x1444a
0x1C181	lcall	0x13CA6	0x13ca6
0x1C189	lcall	0x14456	0x14456
0x1C1A9	lcall	0x13CA6	0x13ca6
0x1C1B1	lcall	0x14456	0x14456
0x1C1D0	lcall	0x13CA6	0x13ca6
0x1C1D8	lcall	0x14456	0x14456
0x1C1F7	lcall	0x13CA6	0x13ca6
0x1C1FF	lcall	0x14456	0x14456
0x1C20B	lcall	0x14456	0x14456
0x1C212	lcall	0x11F64	0x11f64
0x1C22E	lcall	0x13CA6	0x13ca6
0x1C236	lcall	0x11F64	0x11f64
0x1C24F	lcall	0x13CA6	0x13ca6
0x1C270	lcall	0x13B04	0x13b04
0x1C273	lcall	0x14C02	0x14c02
0x1C27E	lcall	0x13B04	0x13b04
0x1C284	lcall	0x1444A	0x1444a
0x1C2A0	lcall	0x13CA6	0x13ca6
0x1C2A8	lcall	0x14456	0x14456
0x1C2C8	lcall	0x13CA6	0x13ca6
0x1C2D0	lcall	0x14456	0x14456
0x1C2F0	lcall	0x13CA6	0x13ca6
0x1C2F8	lcall	0x14456	0x14456
0x1C317	lcall	0x13CA6	0x13ca6
0x1C31F	lcall	0x14456	0x14456
0x1C33E	lcall	0x13CA6	0x13ca6
0x1C346	lcall	0x14456	0x14456
0x1C352	lcall	0x14456	0x14456
0x1C359	lcall	0x11F64	0x11f64
0x1C375	lcall	0x13CA6	0x13ca6
0x1C37D	lcall	0x11F64	0x11f64
0x1C396	lcall	0x13CA6	0x13ca6
0x1C39E	lcall	0x14456	0x14456
0x1C3BE	lcall	0x13CA6	0x13ca6
0x1C3C6	lcall	0x14456	0x14456
0x1C3E6	lcall	0x13CA6	0x13ca6
0x1C3EE	lcall	0x14456	0x14456
0x1C40E	lcall	0x13CA6	0x13ca6
0x1C416	lcall	0x14456	0x14456
0x1C435	lcall	0x13CA6	0x13ca6
0x1C43D	lcall	0x14456	0x14456
0x1C45C	lcall	0x13CA6	0x13ca6
0x1C464	lcall	0x14456	0x14456
0x1C470	lcall	0x14456	0x14456
0x1C477	lcall	0x11F64	0x11f64
0x1C493	lcall	0x13CA6	0x13ca6
0x1C49B	lcall	0x11F64	0x11f64
0x1C4B4	lcall	0x13CA6	0x13ca6
0x1C4BC	lcall	0x14456	0x14456
0x1C4DC	lcall	0x13CA6	0x13ca6
0x1C4E4	lcall	0x14456	0x14456
0x1C504	lcall	0x13CA6	0x13ca6
0x1C50C	lcall	0x14456	0x14456
0x1C52B	lcall	0x13CA6	0x13ca6
0x1C533	lcall	0x14456	0x14456
0x1C552	lcall	0x13CA6	0x13ca6
0x1C55A	lcall	0x14456	0x14456
0x1C566	lcall	0x14456	0x14456
0x1C56D	lcall	0x11F64	0x11f64
0x1C589	lcall	0x13CA6	0x13ca6
0x1C591	lcall	0x11F64	0x11f64
0x1C5AA	lcall	0x13CA6	0x13ca6
0x1C5B2	lcall	0x14456	0x14456
0x1C5D2	lcall	0x13CA6	0x13ca6
0x1C5DA	lcall	0x14456	0x14456
0x1C5FA	lcall	0x13CA6	0x13ca6
0x1C602	lcall	0x14456	0x14456
0x1C621	lcall	0x13CA6	0x13ca6
0x1C629	lcall	0x14456	0x14456
0x1C648	lcall	0x13CA6	0x13ca6
0x1C650	lcall	0x14456	0x14456
0x1C65C	lcall	0x14456	0x14456
0x1C663	lcall	0x11F64	0x11f64
0x1C67F	lcall	0x13CA6	0x13ca6
0x1C687	lcall	0x11F64	0x11f64
0x1C6A0	lcall	0x13CA6	0x13ca6
0x1C6A8	lcall	0x14456	0x14456
0x1C6C8	lcall	0x13CA6	0x13ca6
0x1C6D0	lcall	0x14456	0x14456
0x1C6EF	lcall	0x13CA6	0x13ca6
0x1C6F7	lcall	0x14456	0x14456
0x1C716	lcall	0x13CA6	0x13ca6
0x1C71E	lcall	0x14456	0x14456
0x1C72A	lcall	0x14456	0x14456
0x1C731	lcall	0x11F64	0x11f64
0x1C74D	lcall	0x13CA6	0x13ca6
0x1C755	lcall	0x11F64	0x11f64
0x1C76E	lcall	0x13CA6	0x13ca6
0x1C776	lcall	0x14456	0x14456
0x1C795	lcall	0x13CA6	0x13ca6
0x1C79D	lcall	0x14456	0x14456
0x1C7BC	lcall	0x13CA6	0x13ca6
0x1C7C4	lcall	0x14456	0x14456
0x1C7D0	lcall	0x14456	0x14456
0x1C7D7	lcall	0x11F64	0x11f64
0x1C7F3	lcall	0x13CA6	0x13ca6
0x1C7FB	lcall	0x11F64	0x11f64
0x1C814	lcall	0x13CA6	0x13ca6
0x1C81C	lcall	0x14456	0x14456
0x1C83B	lcall	0x13CA6	0x13ca6
0x1C843	lcall	0x14456	0x14456
0x1C862	lcall	0x13CA6	0x13ca6
0x1C86A	lcall	0x14456	0x14456
0x1C876	lcall	0x14456	0x14456
0x1C87D	lcall	0x11F64	0x11f64
0x1C882	lcall	0x11F64	0x11f64
0x1C888	lcall	0x14456	0x14456
0x1C88F	lcall	0x11F64	0x11f64
0x1C8AB	lcall	0x13CA6	0x13ca6
0x1C8C9	lcall	0x13CA6	0x13ca6
0x1C8D3	lcall	0x11F64	0x11f64
0x1C8EC	lcall	0x13CA6	0x13ca6
0x1C90F	lcall	0x13B04	0x13b04
0x1C912	lcall	0x14C02	0x14c02
0x1C91D	lcall	0x13B04	0x13b04
0x1C923	lcall	0x1444A	0x1444a
0x1C93F	lcall	0x13CA6	0x13ca6
0x1C962	lcall	0x13B04	0x13b04
0x1C965	lcall	0x14C02	0x14c02
0x1C970	lcall	0x13B04	0x13b04
0x1C976	lcall	0x1444A	0x1444a
0x1C991	lcall	0x13CA6	0x13ca6
0x1C9B4	lcall	0x13B04	0x13b04
0x1C9B7	lcall	0x14C02	0x14c02
0x1C9C2	lcall	0x13B04	0x13b04
0x1C9C8	lcall	0x1444A	0x1444a
0x1C9CB	lcall	0x11F64	0x11f64
0x1C9EC	lcall	0x13B04	0x13b04
0x1C9EF	lcall	0x14C02	0x14c02
0x1C9FA	lcall	0x13B04	0x13b04
0x1CA00	lcall	0x1444A	0x1444a
0x1CA03	lcall	0x11F64	0x11f64
0x1CA2B	lcall	0x14456	0x14456
0x1CA35	lcall	0x14456	0x14456
0x1CA91	lcall	0x14456	0x14456
0x1CAAF	lcall	0x143E8	0x143e8
0x1CAE1	lcall	0x1A1E0	0x1a1e0
0x1CAEC	lcall	0x1A1E0	0x1a1e0
0x1CB10	lcall	0x11F64	0x11f64
0x1CB2D	lcall	0x119BD	0x119bd
0x1CB68	lcall	0x1151D	0x1151d
0x1CB8E	lcall	0x1151D	0x1151d
0x1CC15	lcall	0x12AAF	0x12aaf
0x1CC1B	lcall	0x14456	0x14456
0x1CC2E	lcall	0x12B8D	0x12b8d
0x1CE43	lcall	0x14184	0x14184
0x1CECD	lcall	0x14456	0x14456
0x1CF24	lcall	0x13D18	0x13d18
0x1CF2F	lcall	0x13B04	0x13b04
0x1CF43	lcall	0x13D18	0x13d18
0x1CF4E	lcall	0x13B04	0x13b04
0x1CF59	lcall	0x13A13	0x13a13
0x1CF6D	lcall	0x13D18	0x13d18
0x1CF80	lcall	0x13CA6	0x13ca6
0x1CF9D	lcall	0x13D18	0x13d18
0x1CFA8	lcall	0x13B04	0x13b04
0x1CFB3	lcall	0x13A13	0x13a13
0x1CFDA	lcall	0x1443A	0x1443a
0x1CFE5	lcall	0x13C0D	0x13c0d
0x1CFEB	lcall	0x1444A	0x1444a
0x1CFF7	lcall	0x13D18	0x13d18
0x1D002	lcall	0x13B04	0x13b04
0x1D029	lcall	0x1443A	0x1443a
0x1D034	lcall	0x13C0D	0x13c0d
0x1D03A	lcall	0x1444A	0x1444a
0x1D059	lcall	0x1443A	0x1443a
0x1D064	lcall	0x13C0D	0x13c0d
0x1D085	lcall	0x13C0D	0x13c0d
0x1D090	lcall	0x13A0F	0x13a0f
0x1D096	lcall	0x1444A	0x1444a
0x1D0AF	lcall	0x13C0D	0x13c0d
0x1D0B5	lcall	0x1444A	0x1444a
0x1D0C6	lcall	0x14456	0x14456
0x1D100	lcall	0x13C0D	0x13c0d
0x1D106	lcall	0x1444A	0x1444a
0x1D12F	lcall	0x13B04	0x13b04
0x1D135	lcall	0x1444A	0x1444a
0x1D14A	lcall	0x14456	0x14456
0x1D150	acall	0x1D190	0x1d190
0x1D16D	lcall	0x1441E	0x1441e
0x1D17E	lcall	0x13C0D	0x13c0d
0x1D184	lcall	0x1444A	0x1444a
0x1D1A6	lcall	0x13D18	0x13d18
0x1D1B1	lcall	0x13B04	0x13b04
0x1D1D8	lcall	0x1443A	0x1443a
0x1D1E3	lcall	0x13C0D	0x13c0d
0x1D20A	lcall	0x1441E	0x1441e
0x1D215	lcall	0x13A0F	0x13a0f
0x1D226	lcall	0x13B04	0x13b04
0x1D24D	lcall	0x1443A	0x1443a
0x1D258	lcall	0x13C0D	0x13c0d
0x1D269	lcall	0x13C0D	0x13c0d
0x1D27C	lcall	0x13A0F	0x13a0f
0x1D282	lcall	0x1444A	0x1444a
0x1D28E	lcall	0x13D18	0x13d18
0x1D299	lcall	0x13B04	0x13b04
0x1D2C0	lcall	0x1443A	0x1443a
0x1D2CB	lcall	0x13C0D	0x13c0d
0x1D2F2	lcall	0x1441E	0x1441e
0x1D2FD	lcall	0x13A0F	0x13a0f
0x1D30E	lcall	0x13B04	0x13b04
0x1D322	lcall	0x13D18	0x13d18
0x1D32D	lcall	0x13B04	0x13b04
0x1D338	lcall	0x13A0F	0x13a0f
0x1D33E	lcall	0x1444A	0x1444a
0x1D35D	lcall	0x13C0D	0x13c0d
0x1D363	lcall	0x1444A	0x1444a
0x1D389	lcall	0x13B04	0x13b04
0x1D39A	lcall	0x13A13	0x13a13
0x1D3A0	lcall	0x1444A	0x1444a
0x1D3DA	lcall	0x13B04	0x13b04
0x1D414	lcall	0x13A13	0x13a13
0x1D41A	lcall	0x1444A	0x1444a
0x1D441	lcall	0x13A0F	0x13a0f
0x1D447	lcall	0x1444A	0x1444a
0x1D460	lcall	0x13B04	0x13b04
0x1D466	lcall	0x1444A	0x1444a
0x1D485	lcall	0x13A13	0x13a13
0x1D48B	lcall	0x1444A	0x1444a
0x1D4D5	lcall	0x13C0D	0x13c0d
0x1D4DB	lcall	0x1444A	0x1444a
0x1D4F6	lcall	0x13C0D	0x13c0d
0x1D4FC	lcall	0x1444A	0x1444a
0x1D516	lcall	0x1444A	0x1444a
0x1D523	lcall	0x1D6E3	0x1d6e3
0x1D53C	lcall	0x13C0D	0x13c0d
0x1D542	lcall	0x1444A	0x1444a
0x1D548	lcall	0x14456	0x14456
0x1D593	lcall	0x13C0D	0x13c0d
0x1D599	lcall	0x1444A	0x1444a
0x1D5A1	lcall	0x1E77B	0x1e77b
0x1D5C3	lcall	0x1444A	0x1444a
0x1D5CD	lcall	0x1D6E3	0x1d6e3
0x1D5EF	lcall	0x13CA6	0x13ca6
0x1D60A	lcall	0x13CA6	0x13ca6
0x1D622	lcall	0x1444A	0x1444a
0x1D630	lcall	0x1D6E3	0x1d6e3
0x1D633	lcall	0x11F46	0x11f46
0x1D649	lcall	0x1444A	0x1444a
0x1D656	lcall	0x1D6E3	0x1d6e3
0x1D65C	lcall	0x14456	0x14456
0x1D6DF	lcall	0x13C0D	0x13c0d
0x1D6F8	lcall	0x140AB	0x140ab
0x1D721	lcall	0x1476B	0x1476b
0x1D73A	lcall	0x13CA6	0x13ca6
0x1D771	lcall	0x13CA6	0x13ca6
0x1D78C	lcall	0x13B04	0x13b04
0x1D792	lcall	0x1444A	0x1444a
0x1D7AE	lcall	0x13CA6	0x13ca6
0x1D7C9	lcall	0x13B04	0x13b04
0x1D7CF	lcall	0x1444A	0x1444a
0x1D7EB	lcall	0x13CA6	0x13ca6
0x1D806	lcall	0x13B04	0x13b04
0x1D80C	lcall	0x1444A	0x1444a
0x1D828	lcall	0x13CA6	0x13ca6
0x1D843	lcall	0x13B04	0x13b04
0x1D849	lcall	0x1444A	0x1444a
0x1D865	lcall	0x13CA6	0x13ca6
0x1D880	lcall	0x13B04	0x13b04
0x1D886	lcall	0x1444A	0x1444a
0x1D8A2	lcall	0x13CA6	0x13ca6
0x1D8B8	lcall	0x1444A	0x1444a
0x1D8D3	lcall	0x13CA6	0x13ca6
0x1D8EE	lcall	0x13CA6	0x13ca6
0x1D90B	lcall	0x13C0D	0x13c0d
0x1D911	lcall	0x1444A	0x1444a
0x1D927	lcall	0x1444A	0x1444a
0x1D938	lcall	0x13D51	0x13d51
0x1D94D	lcall	0x10CB5	0x10cb5
0x1D96E	lcall	0x13CA6	0x13ca6
0x1D989	lcall	0x139AB	0x139ab
0x1D98D	lcall	0x13D13	0x13d13
0x1D993	lcall	0x1444A	0x1444a
0x1D9AF	lcall	0x13CA6	0x13ca6
0x1D9BD	lcall	0x13D18	0x13d18
0x1D9C8	lcall	0x13C0D	0x13c0d
0x1D9CE	lcall	0x1444A	0x1444a
0x1D9EA	lcall	0x13CA6	0x13ca6
0x1D9F8	lcall	0x13D18	0x13d18
0x1DA03	lcall	0x13C0D	0x13c0d
0x1DA09	lcall	0x1444A	0x1444a
0x1DA25	lcall	0x13CA6	0x13ca6
0x1DA33	lcall	0x13D18	0x13d18
0x1DA3E	lcall	0x13C0D	0x13c0d
0x1DA44	lcall	0x1444A	0x1444a
0x1DA60	lcall	0x13CA6	0x13ca6
0x1DA6E	lcall	0x13D18	0x13d18
0x1DA79	lcall	0x13C0D	0x13c0d
0x1DA7F	lcall	0x1444A	0x1444a
0x1DA9B	lcall	0x13CA6	0x13ca6
0x1DAA9	lcall	0x13D18	0x13d18
0x1DAAF	lcall	0x1444A	0x1444a
0x1DACA	lcall	0x13CA6	0x13ca6
0x1DAE5	lcall	0x13CA6	0x13ca6
0x1DAF5	lcall	0x13D18	0x13d18
0x1DB00	lcall	0x13B04	0x13b04
0x1DB06	lcall	0x1444A	0x1444a
0x1DB14	lcall	0x13D18	0x13d18
0x1DB1A	lcall	0x1444A	0x1444a
0x1DB33	lcall	0x13CA6	0x13ca6
0x1DB7F	lcall	0x1476B	0x1476b
0x1DB90	lcall	0x10908	0x10908
0x1DBA7	lcall	0x150F8	0x150f8
0x1DBBE	lcall	0x150F8	0x150f8
0x1DBD5	lcall	0x150F8	0x150f8
0x1DC1F	lcall	0x1476B	0x1476b
0x1DC30	lcall	0x10908	0x10908
0x1DC47	lcall	0x150F8	0x150f8
0x1DC5E	lcall	0x150F8	0x150f8
0x1DC75	lcall	0x150F8	0x150f8
0x1DCA4	lcall	0x1476B	0x1476b
0x1DCB5	lcall	0x10908	0x10908
0x1DCCC	lcall	0x150F8	0x150f8
0x1DCD7	lcall	0x1530D	0x1530d
0x1DCEC	lcall	0x1420F	0x1420f
0x1DCFB	lcall	0x1413C	0x1413c
0x1DD05	lcall	0x1420F	0x1420f
0x1DD16	lcall	0x1410F	0x1410f
0x1DD19	lcall	0x1413C	0x1413c
0x1DD23	lcall	0x1420F	0x1420f
0x1DD34	lcall	0x1410F	0x1410f
0x1DD37	lcall	0x1413C	0x1413c
0x1DD41	lcall	0x1420F	0x1420f
0x1DD51	lcall	0x1413C	0x1413c
0x1DD68	lcall	0x150F8	0x150f8
0x1DD74	lcall	0x13D18	0x13d18
0x1DD7A	lcall	0x1444A	0x1444a
0x1DD93	lcall	0x13C0D	0x13c0d
0x1DD99	lcall	0x1444A	0x1444a
0x1DDA8	lcall	0x1476B	0x1476b
0x1DDC4	lcall	0x13CA6	0x13ca6
0x1DDDA	lcall	0x10908	0x10908
0x1DDE5	lcall	0x1530D	0x1530d
0x1DDFA	lcall	0x1420F	0x1420f
0x1DE09	lcall	0x1413C	0x1413c
0x1DE13	lcall	0x1420F	0x1420f
0x1DE24	lcall	0x1410F	0x1410f
0x1DE27	lcall	0x1413C	0x1413c
0x1DE31	lcall	0x1420F	0x1420f
0x1DE41	lcall	0x1413C	0x1413c
0x1DE58	lcall	0x150F8	0x150f8
0x1DE64	lcall	0x13D18	0x13d18
0x1DE6A	lcall	0x1444A	0x1444a
0x1DE83	lcall	0x13C0D	0x13c0d
0x1DE89	lcall	0x1444A	0x1444a
0x1DE98	lcall	0x1476B	0x1476b
0x1DEB4	lcall	0x13CA6	0x13ca6
0x1DED4	lcall	0x10908	0x10908
0x1DEEB	lcall	0x150F8	0x150f8
0x1DEFA	lcall	0x1476B	0x1476b
0x1DF0E	lcall	0x10908	0x10908
0x1DF19	lcall	0x1530D	0x1530d
0x1DF2E	lcall	0x1420F	0x1420f
0x1DF3D	lcall	0x1413C	0x1413c
0x1DF47	lcall	0x1420F	0x1420f
0x1DF58	lcall	0x1410F	0x1410f
0x1DF5B	lcall	0x1413C	0x1413c
0x1DF65	lcall	0x1420F	0x1420f
0x1DF76	lcall	0x1410F	0x1410f
0x1DF79	lcall	0x1413C	0x1413c
0x1DF83	lcall	0x1420F	0x1420f
0x1DF94	lcall	0x1410F	0x1410f
0x1DF97	lcall	0x1413C	0x1413c
0x1DFA1	lcall	0x1420F	0x1420f
0x1DFB1	lcall	0x1413C	0x1413c
0x1DFCF	lcall	0x150F8	0x150f8
0x1DFDB	lcall	0x13D18	0x13d18
0x1DFE1	lcall	0x1444A	0x1444a
0x1DFFA	lcall	0x13C0D	0x13c0d
0x1E000	lcall	0x1444A	0x1444a
0x1E00F	lcall	0x1476B	0x1476b
0x1E02B	lcall	0x13CA6	0x13ca6
0x1E041	lcall	0x10908	0x10908
0x1E04C	lcall	0x1530D	0x1530d
0x1E061	lcall	0x1420F	0x1420f
0x1E070	lcall	0x1413C	0x1413c
0x1E07A	lcall	0x1420F	0x1420f
0x1E08B	lcall	0x1410F	0x1410f
0x1E08E	lcall	0x1413C	0x1413c
0x1E098	lcall	0x1420F	0x1420f
0x1E0A9	lcall	0x1410F	0x1410f
0x1E0AC	lcall	0x1413C	0x1413c
0x1E0B6	lcall	0x1420F	0x1420f
0x1E0C6	lcall	0x1413C	0x1413c
0x1E0E4	lcall	0x150F8	0x150f8
0x1E0F0	lcall	0x13D18	0x13d18
0x1E0F6	lcall	0x1444A	0x1444a
0x1E10F	lcall	0x13C0D	0x13c0d
0x1E115	lcall	0x1444A	0x1444a
0x1E124	lcall	0x1476B	0x1476b
0x1E140	lcall	0x13CA6	0x13ca6
0x1E156	lcall	0x10908	0x10908
0x1E161	lcall	0x1530D	0x1530d
0x1E176	lcall	0x1420F	0x1420f
0x1E185	lcall	0x1413C	0x1413c
0x1E18F	lcall	0x1420F	0x1420f
0x1E1A0	lcall	0x1410F	0x1410f
0x1E1A3	lcall	0x1413C	0x1413c
0x1E1AD	lcall	0x1420F	0x1420f
0x1E1BD	lcall	0x1413C	0x1413c
0x1E1DB	lcall	0x150F8	0x150f8
0x1E1E7	lcall	0x13D18	0x13d18
0x1E1ED	lcall	0x1444A	0x1444a
0x1E206	lcall	0x13C0D	0x13c0d
0x1E20C	lcall	0x1444A	0x1444a
0x1E21B	lcall	0x1476B	0x1476b
0x1E237	lcall	0x13CA6	0x13ca6
0x1E257	lcall	0x10908	0x10908
0x1E275	lcall	0x150F8	0x150f8
0x1E289	lcall	0x10908	0x10908
0x1E294	lcall	0x1530D	0x1530d
0x1E2A9	lcall	0x1420F	0x1420f
0x1E2B8	lcall	0x1413C	0x1413c
0x1E2C2	lcall	0x1420F	0x1420f
0x1E2D3	lcall	0x1410F	0x1410f
0x1E2D6	lcall	0x1413C	0x1413c
0x1E2E0	lcall	0x1420F	0x1420f
0x1E2F1	lcall	0x1410F	0x1410f
0x1E2F4	lcall	0x1413C	0x1413c
0x1E2FE	lcall	0x1420F	0x1420f
0x1E30F	lcall	0x1410F	0x1410f
0x1E312	lcall	0x1413C	0x1413c
0x1E31C	lcall	0x1420F	0x1420f
0x1E32C	lcall	0x1413C	0x1413c
0x1E34A	lcall	0x150F8	0x150f8
0x1E356	lcall	0x13D18	0x13d18
0x1E35C	lcall	0x1444A	0x1444a
0x1E36B	lcall	0x1476B	0x1476b
0x1E387	lcall	0x13CA6	0x13ca6
0x1E39D	lcall	0x10908	0x10908
0x1E3A8	lcall	0x1530D	0x1530d
0x1E3BD	lcall	0x1420F	0x1420f
0x1E3CC	lcall	0x1413C	0x1413c
0x1E3D6	lcall	0x1420F	0x1420f
0x1E3E7	lcall	0x1410F	0x1410f
0x1E3EA	lcall	0x1413C	0x1413c
0x1E3F4	lcall	0x1420F	0x1420f
0x1E405	lcall	0x1410F	0x1410f
0x1E408	lcall	0x1413C	0x1413c
0x1E412	lcall	0x1420F	0x1420f
0x1E42B	lcall	0x13CA6	0x13ca6
0x1E43E	lcall	0x1410F	0x1410f
0x1E441	lcall	0x1413C	0x1413c
0x1E44B	lcall	0x1420F	0x1420f
0x1E45B	lcall	0x1413C	0x1413c
0x1E479	lcall	0x150F8	0x150f8
0x1E492	lcall	0x13CA6	0x13ca6
0x1E4A5	lcall	0x14170	0x14170
0x1E4AD	lcall	0x13D18	0x13d18
0x1E4B3	lcall	0x1444A	0x1444a
0x1E4C1	lcall	0x13D18	0x13d18
0x1E4C7	lcall	0x1444A	0x1444a
0x1E4D6	lcall	0x1476B	0x1476b
0x1E4EE	lcall	0x1476B	0x1476b
0x1E4FD	lcall	0x1476B	0x1476b
0x1E50E	lcall	0x1476B	0x1476b
0x1E51D	lcall	0x1476B	0x1476b
0x1E52A	lcall	0x1192A	0x1192a
0x1E52F	lcall	0x1EFDF	0x1efdf
0x1E538	lcall	0x1EF5C	0x1ef5c
0x1E541	lcall	0x1EF5C	0x1ef5c
0x1E546	lcall	0x1EFDF	0x1efdf
0x1E54F	lcall	0x1EF5C	0x1ef5c
0x1E57A	lcall	0x13CA6	0x13ca6
0x1E592	lcall	0x1EFDF	0x1efdf
0x1E5AB	lcall	0x13C0D	0x13c0d
0x1E5BE	lcall	0x13A0F	0x13a0f
0x1E5CF	lcall	0x13B04	0x13b04
0x1E5E0	lcall	0x13CA6	0x13ca6
0x1E5EB	lcall	0x1EF5C	0x1ef5c
0x1E5FA	lcall	0x1476B	0x1476b
0x1E616	lcall	0x13C0D	0x13c0d
0x1E621	lcall	0x13A13	0x13a13
0x1E632	lcall	0x13B04	0x13b04
0x1E643	lcall	0x13CA6	0x13ca6
0x1E650	lcall	0x1EF5C	0x1ef5c
0x1E65F	lcall	0x1476B	0x1476b
0x1E66A	lcall	0x1EF5C	0x1ef5c
0x1E679	lcall	0x1476B	0x1476b
0x1E68A	lcall	0x1476B	0x1476b
0x1E69F	lcall	0x1476B	0x1476b
0x1E6C3	lcall	0x13948	0x13948
0x1E6DC	lcall	0x1476B	0x1476b
0x1E6FA	lcall	0x1476B	0x1476b
0x1E717	lcall	0x1476B	0x1476b
0x1E730	lcall	0x13C0D	0x13c0d
0x1E739	lcall	0x1395C	0x1395c
0x1E750	lcall	0x150F8	0x150f8
0x1E767	lcall	0x150F8	0x150f8
0x1E76A	lcall	0x1392A	0x1392a
0x1E775	lcall	0x1394D	0x1394d
0x1E799	lcall	0x13CA6	0x13ca6
0x1E7B4	lcall	0x13CA6	0x13ca6
0x1E7E2	lcall	0x1151D	0x1151d
0x1E7ED	lcall	0x1151D	0x1151d
0x1E7F6	lcall	0x1151D	0x1151d
0x1E82C	lcall	0x14456	0x14456
0x1E84A	lcall	0x143E8	0x143e8
0x1E851	lcall	0x12A0A	0x12a0a
0x1E860	lcall	0x13D18	0x13d18
0x1E86B	lcall	0x13B04	0x13b04
0x1E871	lcall	0x1444A	0x1444a
0x1E895	lcall	0x13C0D	0x13c0d
0x1E89B	lcall	0x1444A	0x1444a
0x1E8B6	lcall	0x13C0D	0x13c0d
0x1E8BC	lcall	0x1444A	0x1444a
0x1E8DB	lcall	0x14456	0x14456
0x1E8F9	lcall	0x143E8	0x143e8
0x1E8FE	lcall	0x11CD6	0x11cd6
0x1E904	lcall	0x1444A	0x1444a
0x1E983	lcall	0x12AAF	0x12aaf
0x1E986	lcall	0x12B8D	0x12b8d
0x1E98C	lcall	0x14456	0x14456
0x1E9A9	lcall	0x13C0D	0x13c0d
0x1E9B4	lcall	0x13B04	0x13b04
0x1E9CE	lcall	0x13D13	0x13d13
0x1E9E1	lcall	0x13CA6	0x13ca6
0x1EA19	lcall	0x11A17	0x11a17
0x1EA1F	lcall	0x1444A	0x1444a
0x1EA2C	lcall	0x12AAF	0x12aaf
0x1EA2F	lcall	0x12B8D	0x12b8d
0x1EA35	lcall	0x14456	0x14456
0x1EA52	lcall	0x13C0D	0x13c0d
0x1EA5D	lcall	0x13B04	0x13b04
0x1EA77	lcall	0x13D13	0x13d13
0x1EA8A	lcall	0x13CA6	0x13ca6
0x1EAC2	lcall	0x11A17	0x11a17
0x1EAC8	lcall	0x1444A	0x1444a
0x1EAE1	lcall	0x13CA6	0x13ca6
0x1EAFF	lcall	0x13B04	0x13b04
0x1EB0A	lcall	0x13A13	0x13a13
0x1EB2B	lcall	0x13B04	0x13b04
0x1EB36	lcall	0x13A13	0x13a13
0x1EB41	lcall	0x13B04	0x13b04
0x1EB4C	lcall	0x13A13	0x13a13
0x1EB4F	lcall	0x14C02	0x14c02
0x1EB68	lcall	0x13C0D	0x13c0d
0x1EB6E	lcall	0x1444A	0x1444a
0x1EB87	lcall	0x13B04	0x13b04
0x1EB92	lcall	0x13A13	0x13a13
0x1EBB3	lcall	0x13B04	0x13b04
0x1EBBE	lcall	0x13A13	0x13a13
0x1EBC9	lcall	0x13B04	0x13b04
0x1EBD4	lcall	0x13A13	0x13a13
0x1EBD7	lcall	0x14C02	0x14c02
0x1EBF0	lcall	0x13C0D	0x13c0d
0x1EBF6	lcall	0x1444A	0x1444a
0x1EC0E	lcall	0x13B04	0x13b04
0x1EC19	lcall	0x13A13	0x13a13
0x1EC1C	lcall	0x14C02	0x14c02
0x1EC22	lcall	0x1444A	0x1444a
0x1EC3B	lcall	0x13B04	0x13b04
0x1EC5C	lcall	0x13B04	0x13b04
0x1EC67	lcall	0x13B04	0x13b04
0x1EC72	lcall	0x13A13	0x13a13
0x1EC75	lcall	0x14C02	0x14c02
0x1EC7B	lcall	0x1444A	0x1444a
0x1EC94	lcall	0x13B04	0x13b04
0x1ECB5	lcall	0x13B04	0x13b04
0x1ECC0	lcall	0x13B04	0x13b04
0x1ECCB	lcall	0x13A13	0x13a13
0x1ECCE	lcall	0x14C02	0x14c02
0x1ECD4	lcall	0x1444A	0x1444a
0x1ECF0	lcall	0x13B04	0x13b04
0x1ECFB	lcall	0x13A13	0x13a13
0x1ED1C	lcall	0x13B04	0x13b04
0x1ED27	lcall	0x13A13	0x13a13
0x1ED32	lcall	0x13B04	0x13b04
0x1ED3D	lcall	0x13A13	0x13a13
0x1ED40	lcall	0x14C02	0x14c02
0x1ED59	lcall	0x13C0D	0x13c0d
0x1ED5F	lcall	0x1444A	0x1444a
0x1ED78	lcall	0x13B04	0x13b04
0x1ED83	lcall	0x13A13	0x13a13
0x1EDA4	lcall	0x13B04	0x13b04
0x1EDAF	lcall	0x13A13	0x13a13
0x1EDBA	lcall	0x13B04	0x13b04
0x1EDC5	lcall	0x13A13	0x13a13
0x1EDC8	lcall	0x14C02	0x14c02
0x1EDE1	lcall	0x13C0D	0x13c0d
0x1EDE7	lcall	0x1444A	0x1444a
0x1EDFF	lcall	0x13B04	0x13b04
0x1EE0A	lcall	0x13A13	0x13a13
0x1EE0D	lcall	0x14C02	0x14c02
0x1EE13	lcall	0x1444A	0x1444a
0x1EE2C	lcall	0x13B04	0x13b04
0x1EE4D	lcall	0x13B04	0x13b04
0x1EE58	lcall	0x13B04	0x13b04
0x1EE63	lcall	0x13A13	0x13a13
0x1EE66	lcall	0x14C02	0x14c02
0x1EE6C	lcall	0x1444A	0x1444a
0x1EE85	lcall	0x13B04	0x13b04
0x1EEA6	lcall	0x13B04	0x13b04
0x1EEB1	lcall	0x13B04	0x13b04
0x1EEBC	lcall	0x13A13	0x13a13
0x1EEBF	lcall	0x14C02	0x14c02
0x1EEC5	lcall	0x1444A	0x1444a
0x1EEE4	lcall	0x13B04	0x13b04
0x1EEEA	lcall	0x1444A	0x1444a
0x1EF09	lcall	0x13B04	0x13b04
0x1EF1A	lcall	0x13CA6	0x13ca6
0x1EF3B	lcall	0x13CA6	0x13ca6
0x1EF67	lcall	0x1EFFE	0x1effe
0x1EF70	lcall	0x1F011	0x1f011
0x1EF79	lcall	0x1F011	0x1f011
0x1EF82	lcall	0x1F011	0x1f011
0x1EF9E	lcall	0x140F6	0x140f6
0x1EFB4	lcall	0x140F6	0x140f6
0x1EFBB	lcall	0x1F011	0x1f011
0x1EFC5	lcall	0x1420F	0x1420f
0x1EFD3	lcall	0x140F6	0x140f6
0x1EFDB	lcall	0x1EFFE	0x1effe
0x1EFE4	lcall	0x1EFFE	0x1effe
0x1EFED	lcall	0x1F011	0x1f011
0x1EFFA	lcall	0x1F011	0x1f011
0x1F00D	lcall	0x1F062	0x1f062
0x1F02A	lcall	0x1F062	0x1f062
0x1F02E	lcall	0x1EFFE	0x1effe
0x1F037	lcall	0x1F011	0x1f011
0x1F040	lcall	0x1F011	0x1f011
0x1F049	lcall	0x1F011	0x1f011
0x1F052	lcall	0x1F011	0x1f011
0x1F05B	lcall	0x1F011	0x1f011
0x1F05E	lcall	0x10016	0x10016
0x1F08D	lcall	0x1EFFE	0x1effe
0x1F096	lcall	0x1F011	0x1f011
0x1F0AC	lcall	0x1F011	0x1f011
0x1F0B3	lcall	0x1F062	0x1f062
0x1F0BC	lcall	0x1EFFE	0x1effe
0x1F0D2	lcall	0x1F011	0x1f011
0x1F0F1	lcall	0x1F011	0x1f011
0x1F123	lcall	0x1F011	0x1f011
0x1F12B	lcall	0x1EFFE	0x1effe
0x1F12F	lcall	0x1F0D6	0x1f0d6
0x1F137	lcall	0x1EFFE	0x1effe
0x1F146	lcall	0x1F011	0x1f011
0x1F17D	lcall	0x1EF5C	0x1ef5c
0x1F184	lcall	0x1F0B7	0x1f0b7
0x1F18B	lcall	0x1F0B7	0x1f0b7
0x1F192	lcall	0x1F0B7	0x1f0b7
0x1F199	lcall	0x1F0B7	0x1f0b7
0x1F1A0	lcall	0x1F0B7	0x1f0b7
0x1F1A7	lcall	0x1F0B7	0x1f0b7
0x1F1AE	lcall	0x1F0B7	0x1f0b7
0x1F1B5	lcall	0x1F0B7	0x1f0b7
0x1F1C0	lcall	0x1EF5C	0x1ef5c
0x1F1C3	lcall	0x1EFFE	0x1effe
0x1F1D5	lcall	0x1F011	0x1f011
0x1F208	lcall	0x1F0B7	0x1f0b7
0x1F20F	lcall	0x1F0B7	0x1f0b7
0x1F21A	lcall	0x1EF5C	0x1ef5c
0x1F221	lcall	0x1F0B7	0x1f0b7
0x1F228	lcall	0x1F0B7	0x1f0b7
0x1F22F	lcall	0x1F0B7	0x1f0b7
0x1F236	lcall	0x1F0B7	0x1f0b7
0x1F23D	lcall	0x1F0B7	0x1f0b7
0x1F244	lcall	0x1F0B7	0x1f0b7
0x1F24B	lcall	0x1F0B7	0x1f0b7
0x1F252	lcall	0x11F97	0x11f97
0x1F26C	lcall	0x11F64	0x11f64
0x1F281	lcall	0x11F64	0x11f64
0x1F291	lcall	0x11F64	0x11f64
0x1F2A2	lcall	0x11F64	0x11f64
0x1F2B3	lcall	0x11F64	0x11f64
0x1F2C4	lcall	0x11F64	0x11f64
0x1F2CF	lcall	0x1EFDF	0x1efdf
0x1F2F2	lcall	0x1EF5C	0x1ef5c
0x1F2F5	lcall	0x11F64	0x11f64
0x1F305	lcall	0x1EFDF	0x1efdf
0x1F308	lcall	0x11F64	0x11f64
0x1F31D	lcall	0x1EFDF	0x1efdf
0x1F326	lcall	0x1EF5C	0x1ef5c
0x1F32D	lcall	0x1EFDF	0x1efdf
0x1F336	lcall	0x1EF5C	0x1ef5c
0x1F33E	lcall	0x1EFDF	0x1efdf
0x1F347	lcall	0x1EF5C	0x1ef5c
0x1F351	lcall	0x1EFDF	0x1efdf
0x1F35A	lcall	0x1EF5C	0x1ef5c
0x1F361	lcall	0x1EFDF	0x1efdf
0x1F36A	lcall	0x1EF5C	0x1ef5c
0x1F372	lcall	0x1EFDF	0x1efdf
0x1F37B	lcall	0x1EF5C	0x1ef5c
0x1F382	lcall	0x1EFDF	0x1efdf
0x1F38B	lcall	0x1EF5C	0x1ef5c
0x1F393	lcall	0x1EFDF	0x1efdf
0x1F39C	lcall	0x1EF5C	0x1ef5c
0x1F3A3	lcall	0x1EFDF	0x1efdf
0x1F3AC	lcall	0x1EF5C	0x1ef5c
0x1F3C8	lcall	0x13CA6	0x13ca6
0x1F3E7	lcall	0x1EFDF	0x1efdf
0x1F3F0	lcall	0x1EF5C	0x1ef5c
0x1F401	lcall	0x1EFDF	0x1efdf
0x1F40A	lcall	0x1EF5C	0x1ef5c
0x1F410	lcall	0x1EFDF	0x1efdf
0x1F419	lcall	0x1EF5C	0x1ef5c
0x1F41E	lcall	0x1EFDF	0x1efdf
0x1F421	lcall	0x1F12F	0x1f12f
0x1F449	lcall	0x140AB	0x140ab
0x1F4A5	lcall	0x1EFDF	0x1efdf
0x1F4AE	lcall	0x1EF5C	0x1ef5c
0x1F4B5	lcall	0x1A1E0	0x1a1e0
0x1F4BF	lcall	0x11F64	0x11f64
0x1F4CF	lcall	0x13948	0x13948
0x1F4D8	lcall	0x1392A	0x1392a
0x1F53A	lcall	0x14456	0x14456
0x1F558	lcall	0x143E8	0x143e8
0x1F570	lcall	0x119BD	0x119bd
0x1F58E	lcall	0x1151D	0x1151d
0x1F597	lcall	0x1151D	0x1151d
0x1F5C7	lcall	0x12AAF	0x12aaf
0x1F5CD	lcall	0x14456	0x14456
0x1F5E0	lcall	0x12B8D	0x12b8d
0x1F6E5	lcall	0x14184	0x14184
0x1F6FA	lcall	0x1EFDF	0x1efdf
0x1F703	lcall	0x1EF5C	0x1ef5c
0x1F712	lcall	0x1476B	0x1476b
0x1F715	lcall	0x1392A	0x1392a
0x1F742	lcall	0x14456	0x14456
0x1F760	lcall	0x143E8	0x143e8
0x1F770	lcall	0x1EFDF	0x1efdf
0x1F783	lcall	0x1151D	0x1151d
0x1F791	lcall	0x1A1E0	0x1a1e0
0x1F7C9	lcall	0x14456	0x14456
0x1F7E7	lcall	0x143E8	0x143e8
0x1F7F0	lcall	0x1A1E0	0x1a1e0
0x1F82F	lcall	0x1A1E0	0x1a1e0
0x1F845	lcall	0x11F64	0x11f64
0x1F84D	lcall	0x1151D	0x1151d
0x1F850	lcall	0x1FC9B	0x1fc9b
0x1F8B6	lcall	0x14456	0x14456
0x1F8D4	lcall	0x143E8	0x143e8
0x1F8DD	lcall	0x1A1E0	0x1a1e0
0x1F8F3	lcall	0x1151D	0x1151d
0x1F8FD	lcall	0x1FC9B	0x1fc9b
0x1F930	lcall	0x1EF5C	0x1ef5c
0x1F946	lcall	0x1EFDF	0x1efdf
0x1F94F	lcall	0x1EF5C	0x1ef5c
0x1F966	lcall	0x1151D	0x1151d
0x1F969	lcall	0x1FC9B	0x1fc9b
0x1F971	lcall	0x1151D	0x1151d
0x1F97F	lcall	0x1A1E0	0x1a1e0
0x1F9B7	lcall	0x14456	0x14456
0x1F9D5	lcall	0x143E8	0x143e8
0x1F9DE	lcall	0x1A1E0	0x1a1e0
0x1FA15	lcall	0x11F64	0x11f64
0x1FA1D	lcall	0x1151D	0x1151d
0x1FA20	lcall	0x1FC9B	0x1fc9b
0x1FA8D	lcall	0x14456	0x14456
0x1FAAB	lcall	0x143E8	0x143e8
0x1FAB4	lcall	0x1A1E0	0x1a1e0
0x1FACA	lcall	0x1151D	0x1151d
0x1FACD	lcall	0x1FC9B	0x1fc9b
0x1FAE3	lcall	0x1A1E0	0x1a1e0
0x1FAFB	lcall	0x1EFDF	0x1efdf
0x1FB04	lcall	0x1EF5C	0x1ef5c
0x1FB1C	lcall	0x1EF5C	0x1ef5c
0x1FB34	lcall	0x1EF5C	0x1ef5c
0x1FB5A	lcall	0x147ED	0x147ed
0x1FB63	lcall	0x1EF5C	0x1ef5c
0x1FB6E	lcall	0x1EF5C	0x1ef5c
0x1FB77	lcall	0x1EF5C	0x1ef5c
0x1FB7C	lcall	0x1EFDF	0x1efdf
0x1FB94	lcall	0x1EF5C	0x1ef5c
0x1FBA3	lcall	0x1476B	0x1476b
0x1FBAE	lcall	0x1EF5C	0x1ef5c
0x1FBBD	lcall	0x1476B	0x1476b
0x1FBDC	lcall	0x1476B	0x1476b
0x1FBE8	lcall	0x13D18	0x13d18
0x1FBF1	lcall	0x1395C	0x1395c
0x1FC08	lcall	0x150F8	0x150f8
0x1FC1F	lcall	0x150F8	0x150f8
0x1FC22	lcall	0x1392A	0x1392a
0x1FC36	lcall	0x14456	0x14456
0x1FC54	lcall	0x143E8	0x143e8
0x1FC7C	lcall	0x1EFDF	0x1efdf
0x1FC85	lcall	0x1EF5C	0x1ef5c
0x1FC8A	lcall	0x1EFDF	0x1efdf
0x1FC93	lcall	0x1EF5C	0x1ef5c
